store_name,gpu_model,gpu_name,fetch_ts,gpu_price,in_stock,url
Regard,GeForce RTX 3070,NVIDIA GeForce RTX3070 ASUS 8Gb LHR,1636909844,111730,True,https://regard.ru/catalog/tovar404043.htm
Regard,GeForce RTX 3070,NVIDIA GeForce RTX3070 Gigabyte 8Gb LHR,1636909844,109280,True,https://regard.ru/catalog/tovar394203.htm
Regard,GeForce RTX 3070,NVIDIA GeForce RTX3070 Palit GamingPro OC 8Gb LHR,1636909844,113860,True,https://regard.ru/catalog/tovar397388.htm
Regard,GeForce RTX 3070,NVIDIA GeForce RTX3070 MSI 8Gb,1636909844,120970,True,https://regard.ru/catalog/tovar395430.htm
Regard,GeForce RTX 3070,NVIDIA GeForce RTX3070 Gigabyte 8Gb LHR,1636909844,119440,True,https://regard.ru/catalog/tovar400309.htm
Regard,GeForce RTX 3070,NVIDIA GeForce RTX3070 ASUS 8Gb LHR,1636909844,114820,True,https://regard.ru/catalog/tovar395530.htm
Regard,Radeon Pro WX 2100,AMD Radeon Pro WX 2100 Dell 2Gb,1636909844,9880,True,https://regard.ru/catalog/tovar395049.htm
Regard,GeForce RTX 3070,NVIDIA GeForce RTX3070 Palit GameRock 8Gb LHR,1636909844,116810,True,https://regard.ru/catalog/tovar395464.htm
Regard,GeForce RTX 3060,NVIDIA GeForce RTX3060 Zotac Twin Edge OC 12Gb,1636909844,83220,True,https://regard.ru/catalog/tovar382113.htm
Regard,GeForce GTX 1650,NVIDIA GeForce GTX1650 Palit StormX 4Gb,1636909844,31680,True,https://regard.ru/catalog/tovar338006.htm
Regard,GeForce RTX 3060,NVIDIA GeForce RTX3060 Gigabyte 12Gb LHR,1636909844,84760,True,https://regard.ru/catalog/tovar392356.htm
Regard,GeForce RTX 3060,NVIDIA GeForce RTX3060 ASUS 12Gb LHR,1636909844,76290,True,https://regard.ru/catalog/tovar395144.htm
Regard,GeForce RTX 3060,NVIDIA GeForce RTX3060 EVGA XC Gaming 12Gb,1636909844,83570,True,https://regard.ru/catalog/tovar390867.htm
Regard,GeForce RTX 3060,NVIDIA GeForce RTX3060 Colorful iGame 12Gb LHR,1636909844,79200,True,https://regard.ru/catalog/tovar412534.htm
Regard,Quadro RTX 8000,NVIDIA Quadro RTX8000 PNY 48Gb,1636909844,540300,True,https://regard.ru/catalog/tovar352234.htm
Regard,Quadro RTX 8000,NVIDIA Quadro RTX8000 48Gb,1636909844,510280,True,https://regard.ru/catalog/tovar358070.htm
Regard,Quadro RTX 6000,NVIDIA Quadro RTX6000 PNY 24Gb,1636909844,350820,True,https://regard.ru/catalog/tovar310006.htm
Regard,Quadro RTX 5000,NVIDIA Quadro RTX5000 PNY 16Gb,1636909844,184600,True,https://regard.ru/catalog/tovar349448.htm
Regard,Quadro RTX 5000,NVIDIA Quadro RTX5000 PNY 16Gb,1636909844,198860,True,https://regard.ru/catalog/tovar308716.htm
Regard,GeForce GTX 1050 Ti,NVIDIA GeForce GTX1050 Ti Palit StormX 4Gb,1636909844,24480,True,https://regard.ru/catalog/tovar236255.htm
Regard,Quadro RTX 6000,NVIDIA Quadro RTX6000 24Gb,1636909844,442740,True,https://regard.ru/catalog/tovar351308.htm
Regard,Quadro RTX 6000,NVIDIA Quadro RTX6000 PNY 24Gb,1636909844,309250,True,https://regard.ru/catalog/tovar395927.htm
Regard,Quadro RTX 6000,NVIDIA Quadro RTX6000 Dell 24Gb,1636909844,352370,True,https://regard.ru/catalog/tovar316669.htm
Regard,Quadro RTX 5000,NVIDIA Quadro RTX5000 PNY 16Gb,1636909844,202610,True,https://regard.ru/catalog/tovar401828.htm
Regard,Quadro RTX 4000,NVIDIA Quadro RTX4000 PNY 8Gb,1636909844,88550,True,https://regard.ru/catalog/tovar310007.htm
Regard,Quadro RTX 6000,NVIDIA Quadro RTX6000 PNY 24Gb,1636909845,367700,True,https://regard.ru/catalog/tovar410012.htm
Regard,Quadro RTX 4000,NVIDIA Quadro RTX4000 PNY 8Gb,1636909845,88550,True,https://regard.ru/catalog/tovar391196.htm
Regard,Quadro RTX 4000,NVIDIA Quadro RTX4000 PNY 8Gb,1636909845,91550,True,https://regard.ru/catalog/tovar312546.htm
Regard,Quadro RTX 4000,NVIDIA Quadro RTX4000 PNY 8Gb,1636909845,92120,True,https://regard.ru/catalog/tovar311022.htm
Regard,,Видеокарта NVIDIA GeForce RTX3060 Colorful 12Gb,1636909845,80910,True,https://regard.ru/catalog/tovar413747.htm
Regard,Quadro RTX 8000,NVIDIA Quadro RTX8000 PNY 48Gb,1636909845,542320,True,https://regard.ru/catalog/tovar312540.htm
OnlineTrade,NVIDIA GeForce RTX 3060 Ti ,GIGABYTE GeForce RTX 3060 Ti LHR 8192Mb GAMING OC 2.0,1636909845,104990,True,https://www.onlinetrade.ru/catalogue/videokarty-c338/gigabyte/videokarta_gigabyte_geforce_rtx_3060_ti_lhr_8192mb_gaming_oc_2.0_gv_n306tgaming_oc_8gd_2.0-2746439.html
Regard,,Профессиональная видеокарта AMD Radeon Pro W6800 Dell 32Gb,1636909845,217360,True,https://regard.ru/catalog/tovar411526.htm
Regard,,Видеокарта NVIDIA GeForce GTX1660 Ti PNY XLR8 Gaming 6Gb,1636909845,58180,True,https://regard.ru/catalog/tovar399752.htm
Regard,Quadro T400,NVIDIA Quadro T400 PNY 2Gb,1636909845,11600,True,https://regard.ru/catalog/tovar403065.htm
Regard,Quadro T400,NVIDIA Quadro T400 PNY 2Gb,1636909845,11680,True,https://regard.ru/catalog/tovar403067.htm
Regard,Quadro T1000,NVIDIA Quadro T1000 PNY 4Gb,1636909845,36950,True,https://regard.ru/catalog/tovar392568.htm
Regard,Quadro T400,NVIDIA Quadro T400 HP 2Gb,1636909845,9840,True,https://regard.ru/catalog/tovar410856.htm
Regard,Quadro T600,NVIDIA Quadro T600 PNY 4Gb,1636909845,18790,True,https://regard.ru/catalog/tovar395047.htm
Regard,Quadro T400,NVIDIA Quadro T400 PNY 2Gb,1636909845,10230,True,https://regard.ru/catalog/tovar403066.htm
OnlineTrade,AMD Radeon RX 6600 ,SAPPHIRE Radeon RX 6600 8192Mb PULSE,1636909845,71990,True,https://www.onlinetrade.ru/catalogue/videokarty-c338/sapphire/videokarta_sapphire_radeon_rx_6600_8192mb_pulse_11310_01_20g-2830662.html
Regard,Quadro T400,NVIDIA Quadro T400 PNY 2Gb,1636909845,10050,True,https://regard.ru/catalog/tovar403064.htm
OnlineTrade,AMD Radeon RX 580 ,Sinotex Ninja Radeon RX 580 PCI-E 3.0 8192Mb 256 bit DVI-D/HDMI/DP,1636909845,53990,True,https://www.onlinetrade.ru/catalogue/videokarty-c338/sinotex/videokarta_sinotex_ninja_radeon_rx_580_pci_e_3.0_8192mb_256_bit_dvi_d_hdmi_dp_ahrx58085f-1821419.html
Regard,Quadro T1000,NVIDIA Quadro T1000 PNY 4Gb,1636909845,33930,True,https://regard.ru/catalog/tovar408493.htm
Regard,Quadro T1000,NVIDIA Quadro T1000 PNY 4Gb,1636909845,33180,True,https://regard.ru/catalog/tovar392569.htm
Regard,Quadro T1000,NVIDIA Quadro T1000 HP 4Gb,1636909845,30500,True,https://regard.ru/catalog/tovar410454.htm
Regard,Quadro T1000,NVIDIA Quadro T1000 PNY 4Gb,1636909845,35440,True,https://regard.ru/catalog/tovar392567.htm
Regard,Quadro RTX A6000,NVIDIA Quadro RTX A6000 PNY 48Gb,1636909845,513680,True,https://regard.ru/catalog/tovar393196.htm
OnlineTrade,NVIDIA GeForce 210 ,SINOTEX GeForce GT 210 1024Mb NK21NP013F,1636909845,2990,True,https://www.onlinetrade.ru/catalogue/videokarty-c338/sinotex/videokarta_sinotex_geforce_gt_210_1024mb_nk21np013f-1960059.html
OnlineTrade,NVIDIA GeForce GT 220 ,AFOX GeForce GT 220 1024Mb LP SINGLE FAN,1636909845,3190,True,https://www.onlinetrade.ru/catalogue/videokarty-c338/afox/videokarta_afox_geforce_gt_220_1024mb_lp_single_fan_af220_1024d3l4-2713565.html
Regard,Quadro RTX 4000,NVIDIA Quadro RTX4000 8Gb,1636909846,99050,True,https://regard.ru/catalog/tovar409971.htm
OnlineTrade,NVIDIA GeForce GTX 750 Ti ,SINOTEX GeForce GTX 750 Ti 2048Mb,1636909846,11990,True,https://www.onlinetrade.ru/catalogue/videokarty-c338/sinotex/videokarta_sinotex_geforce_gtx_750_ti_2048mb_nh75ti025f-2550865.html
OnlineTrade,NVIDIA GeForce GT 1030 ,GIGABYTE GeForce GT 1030 1252Mhz PCI-E 3.0 2048Mb 6008Mhz 64 bit DVI HDMI Low Profile,1636909846,9690,True,https://www.onlinetrade.ru/catalogue/videokarty-c338/gigabyte/videokarta_gigabyte_geforce_gt_1030_1252mhz_pci_e_3.0_2048mb_6008mhz_64_bit_dvi_hdmi_low_profile_gv_n1030d5_2gl-874612.html
OnlineTrade,NVIDIA GeForce RTX 3070 ,GIGABYTE GeForce RTX 3070 LHR 8192Mb GAMING OC 2.0,1636909846,105990,True,https://www.onlinetrade.ru/catalogue/videokarty-c338/gigabyte/videokarta_gigabyte_geforce_rtx_3070_lhr_8192mb_gaming_oc_2.0_gv_n3070gaming_oc_8gd_2.0-2664371.html
OnlineTrade,NVIDIA GeForce GTX 750 Ti ,SINOTEX GeForce GTX 750 Ti Ninja 4096Mb,1636909846,19990,True,https://www.onlinetrade.ru/catalogue/videokarty-c338/sinotex/videokarta_sinotex_geforce_gtx_750_ti_ninja_4096mb_nk75ti045f-1923627.html
Regard,Quadro RTX A6000,NVIDIA Quadro RTX A6000 HP 48Gb,1636909846,427740,True,https://regard.ru/catalog/tovar410859.htm
OnlineTrade,NVIDIA GeForce GTX 750 Ti ,SINOTEX GeForce GTX 750 Ti Ninja 4096Mb,1636909846,19990,True,https://www.onlinetrade.ru/catalogue/videokarty-c338/sinotex/videokarta_sinotex_geforce_gtx_750_ti_ninja_4096mb_nh75ti045f-1923631.html
OnlineTrade,AMD Radeon R5 220 ,AFOX Radeon R5 220 2048Mb LP,1636909846,4990,True,https://www.onlinetrade.ru/catalogue/videokarty-c338/afox/videokarta_afox_radeon_r5_220_2048mb_lp_afr5220_2048d3l4-2367560.html
Regard,Quadro RTX A6000,NVIDIA Quadro RTX A6000 PNY 48Gb,1636909846,501530,True,https://regard.ru/catalog/tovar379412.htm
OnlineTrade,NVIDIA Quadro T600 ,PNY Quadro T600 4096Mb,1636909846,17590,True,https://www.onlinetrade.ru/catalogue/videokarty-c338/pny/videokarta_pny_quadro_t600_4096mb_vcnt600_sb-2664409.html
OnlineTrade,NVIDIA GeForce GT 1030 ,Asus GeForce GT 1030 1266Mhz PCI-E 3.0 2048Mb 6008Mhz 64 bit DVI HDMI HDCP,1636909846,9090,True,https://www.onlinetrade.ru/catalogue/videokarty-c338/asus/videokarta_asus_geforce_gt_1030_1266mhz_pci_e_3.0_2048mb_6008mhz_64_bit_dvi_hdmi_hdcp_gt1030_2g_brk-1301807.html
OnlineTrade,NVIDIA GeForce RTX 2060 ,GIGABYTE GeForce RTX 2060 6144Mb D6 2.0,1636909846,75990,True,https://www.onlinetrade.ru/catalogue/videokarty-c338/gigabyte/videokarta_gigabyte_geforce_rtx_2060_6144mb_d6_2.0_gv_n2060d6_6gd_2.0-2664362.html
OnlineTrade,NVIDIA GeForce 210 ,AFOX GeForce G210 LP 1024Mb HEATSINK,1636909846,2990,True,https://www.onlinetrade.ru/catalogue/videokarty-c338/afox/videokarta_afox_geforce_g210_lp_1024mb_heatsink_af210_1024d2lg2-2313783.html
OnlineTrade,NVIDIA GeForce RTX 3060 Ti ,ASUS GeForce RTX 3060 Ti LHR 8192Mb DUAL OC V2,1636909846,108990,True,https://www.onlinetrade.ru/catalogue/videokarty-c338/asus/videokarta_asus_geforce_rtx_3060_ti_lhr_8192mb_dual_oc_v2_dual_rtx3060ti_o8g_v2-2746435.html
OnlineTrade,NVIDIA GeForce GT 730 ,COLORFUL GeForce GT 730 2048Mb,1636909846,5700,True,https://www.onlinetrade.ru/catalogue/videokarty-c338/colorful/videokarta_colorful_geforce_gt_730_2048mb_gt730k_2gd3_v-2664395.html
OnlineTrade,NVIDIA GeForce GTX 1660 Super ,MSI GTX 1660 SUPER VENTUS XS OC 6144Mb,1636909846,73990,True,https://www.onlinetrade.ru/catalogue/videokarty-c338/msi/videokarta_msi_gtx_1660_super_ventus_xs_oc_6144mb_gtx_1660_super_ventus_xs_oc_ru-1950253.html
OnlineTrade,NVIDIA GeForce GT 740 ,SINOTEX GeForce GT 740 4096Mb Ninja,1636909846,10090,True,https://www.onlinetrade.ru/catalogue/videokarty-c338/sinotex/videokarta_sinotex_geforce_gt_740_4096mb_ninja_nh74np045f-2652343.html
Regard,Quadro P620,NVIDIA Quadro P620 PNY 2Gb,1636909846,18530,True,https://regard.ru/catalog/tovar349778.htm
OnlineTrade,NVIDIA GeForce GTX 750 Ti ,AFOX GeForce GTX 750 Ti 4096Mb,1636909846,19990,True,https://www.onlinetrade.ru/catalogue/videokarty-c338/afox/videokarta_afox_geforce_gtx_750_ti_4096mb_af750ti_4096d5h4-2769720.html
Regard,Quadro P400,NVIDIA Quadro P400 PNY 2Gb,1636909846,10910,True,https://regard.ru/catalog/tovar349777.htm
Regard,Quadro P400,NVIDIA Quadro P400 PNY 2Gb,1636909846,10900,True,https://regard.ru/catalog/tovar349004.htm
Regard,Quadro P400,NVIDIA Quadro P400 Dell 2Gb,1636909846,10190,True,https://regard.ru/catalog/tovar289721.htm
Regard,Quadro P400,NVIDIA Quadro P400 PNY 2Gb,1636909846,10850,True,https://regard.ru/catalog/tovar351610.htm
OnlineTrade,NVIDIA GeForce GTX 1660 Super ,GIGABYTE GeForce GTX 1660 SUPER OC 6144Mb,1636909846,76990,True,https://www.onlinetrade.ru/catalogue/videokarty-c338/gigabyte/videokarta_gigabyte_geforce_gtx_1660_super_oc_6144mb_gv_n166soc_6gd-1950254.html
OnlineTrade,NVIDIA GeForce GTX 750 Ti ,SINOTEX GeForce GTX 750 Ti 2048Mb Ninja,1636909846,11990,True,https://www.onlinetrade.ru/catalogue/videokarty-c338/sinotex/videokarta_sinotex_geforce_gtx_750_ti_2048mb_ninja_nk75ti025f-2013778.html
OnlineTrade,AMD Radeon RX 560 ,AFOX Radeon RX 560 4096Mb ATX DUAL FAN,1636909847,22990,True,https://www.onlinetrade.ru/catalogue/videokarty-c338/afox/videokarta_afox_radeon_rx_560_4096mb_atx_dual_fan_afrx560_4096d5h4-2685027.html
OnlineTrade,NVIDIA GeForce GTX 1660 Ti ,ASUS GeForce GTX 1660 Ti 6144Mb TUF GAMING TOP,1636909847,65990,True,https://www.onlinetrade.ru/catalogue/videokarty-c338/asus/videokarta_asus_geforce_gtx_1660_ti_6144mb_tuf_gaming_top_tuf_gtx1660ti_t6g_evo_gaming-2769707.html
OnlineTrade,NVIDIA GeForce RTX 3060 Ti ,MSI GeForce RTX 3060 Ti LHR 8192Mb GAMING X,1636909847,105990,True,https://www.onlinetrade.ru/catalogue/videokarty-c338/msi/videokarta_msi_geforce_rtx_3060_ti_lhr_8192mb_gaming_x_rtx_3060_ti_gaming_x_8g_lhr-2776168.html
OnlineTrade,AMD Radeon RX 6600 ,GIGABYTE Radeon RX 6600 8192Mb EAGLE,1636909847,71990,True,https://www.onlinetrade.ru/catalogue/videokarty-c338/gigabyte/videokarta_gigabyte_radeon_rx_6600_8192mb_eagle_gv_r66eagle_8gd-2816277.html
OnlineTrade,NVIDIA GeForce GTX 1650 ,ASUS GeForce GTX 1650 4096Mb DUAL MINI OC,1636909847,41990,True,https://www.onlinetrade.ru/catalogue/videokarty-c338/asus/videokarta_asus_geforce_gtx_1650_4096mb_dual_mini_oc_dual_gtx1650_o4gd6_mini-2294564.html
OnlineTrade,NVIDIA GeForce GT 730 ,MSI GeForce GT 730 4096Mb OC V1,1636909847,7690,True,https://www.onlinetrade.ru/catalogue/videokarty-c338/msi/videokarta_msi_geforce_gt_730_4096mb_oc_v1_n730k_4gd3_ocv1-2713549.html
OnlineTrade,NVIDIA GeForce RTX 3060 ,Palit GeForce RTX 3060 LHR 12288Mb DUAL,1636909847,80990,True,https://www.onlinetrade.ru/catalogue/videokarty-c338/palit/videokarta_palit_geforce_rtx_3060_lhr_12288mb_dual_ne63060019k9_190ad-2531416.html
OnlineTrade,NVIDIA GeForce GT 1030 ,Asus GeForce GT 1030 1266Mhz PCI-E 3.0 2048Mb 6008Mhz 64 bit DVI HDMI HDCP,1636909847,8890,True,https://www.onlinetrade.ru/catalogue/videokarty-c338/asus/videokarta_asus_geforce_gt_1030_1266mhz_pci_e_3.0_2048mb_6008mhz_64_bit_dvi_hdmi_hdcp_gt1030_sl_2g_brk-869837.html
OnlineTrade,NVIDIA GeForce RTX 3060 Ti ,GIGABYTE GeForce RTX 3060 Ti LHR 8192Mb AORUS 2.0,1636909847,108990,True,https://www.onlinetrade.ru/catalogue/videokarty-c338/gigabyte/videokarta_gigabyte_geforce_rtx_3060_ti_lhr_8192mb_aorus_2.0_gv_n306taorus_e_8gd_2.0-2746438.html
OnlineTrade,AMD Radeon RX 6600 XT ,SAPPHIRE Radeon RX 6600 XT 8192Mb NITRO+ OC,1636909847,81990,True,https://www.onlinetrade.ru/catalogue/videokarty-c338/sapphire/videokarta_sapphire_radeon_rx_6600_xt_8192mb_nitro_oc_11309_01_20g-2765617.html
OnlineTrade,NVIDIA GeForce RTX 3070 ,GIGABYTE GeForce RTX 3070 8192Mb GAMING OC,1636909847,179990,True,https://www.onlinetrade.ru/catalogue/videokarty-c338/gigabyte/videokarta_gigabyte_geforce_rtx_3070_8192mb_gaming_oc_gv_n3070gaming_oc_8gd-2300937.html
Regard,Quadro P1000,NVIDIA Quadro P1000 HP 4Gb,1636909847,31100,True,https://regard.ru/catalog/tovar259365.htm
Regard,Quadro M6000,NVIDIA Quadro M6000 Dell 24Gb,1636909847,367840,True,https://regard.ru/catalog/tovar323348.htm
OnlineTrade,NVIDIA GeForce RTX 3060 ,MSI GeForce RTX 3060 LHR 12288Mb VENTUS 2X OC,1636909847,85990,True,https://www.onlinetrade.ru/catalogue/videokarty-c338/msi/videokarta_msi_geforce_rtx_3060_lhr_12288mb_ventus_2x_oc_rtx_3060_ventus_2x_oc_ru-2486204.html
OnlineTrade,NVIDIA GeForce GT 730 ,AFOX GeForce GT 730 4096Mb LP Single Fan,1636909847,6990,True,https://www.onlinetrade.ru/catalogue/videokarty-c338/afox/videokarta_afox_geforce_gt_730_4096mb_lp_single_fan_af730_4096d3l6-2186962.html
OnlineTrade,NVIDIA Quadro RTX4000 ,PNY Quadro RTX 4000 8192Mb,1636909847,89990,True,https://www.onlinetrade.ru/catalogue/videokarty-c338/pny/videokarta_pny_quadro_rtx_4000_8192mb_vcqrtx4000_bsp_oem-2313782.html
Regard,Quadro GP100,NVIDIA Quadro GP100 nVidia 16Gb RTL,1636909847,577820,True,https://regard.ru/catalog/tovar291924.htm
Regard,Quadro P2000,NVIDIA Quadro P2000 PNY 5Gb,1636909847,46750,True,https://regard.ru/catalog/tovar246560.htm
Regard,GeForce RTX 3090,NVIDIA GeForce RTX3090 Gigabyte 24Gb,1636909847,300880,True,https://regard.ru/catalog/tovar369654.htm
OnlineTrade,NVIDIA GeForce GTX 1660 Ti ,PALIT GeForce GTX 1660 Ti 6144Mb DUAL,1636909847,68990,True,https://www.onlinetrade.ru/catalogue/videokarty-c338/palit/videokarta_palit_geforce_gtx_1660_ti_6144mb_dual_ne6166t018j9_1160c-2748054.html
OnlineTrade,NVIDIA GeForce GTX 1660 ,GIGABYTE GeForce GTX 1660 PCI-E 3.0 6144Mb 192 bit 3xDisplayPort HDMI OC,1636909847,63990,True,https://www.onlinetrade.ru/catalogue/videokarty-c338/gigabyte/videokarta_gigabyte_geforce_gtx_1660_pci_e_3.0_6144mb_192_bit_3xdisplayport_hdmi_oc_gv_n1660oc_6gd-1727899.html
Regard,GeForce RTX 3090,NVIDIA GeForce RTX3090 ASUS 24Gb,1636909847,308940,True,https://regard.ru/catalog/tovar374862.htm
Regard,GeForce RTX 3080,NVIDIA GeForce RTX3080 PNY XLR8 GAMING REVEL EPIC-X LHR 10Gb,1636909848,181810,True,https://regard.ru/catalog/tovar406896.htm
Regard,GeForce RTX 3080,NVIDIA GeForce RTX3080 MSI 10Gb,1636909848,175270,True,https://regard.ru/catalog/tovar412586.htm
Regard,GeForce RTX 3080,NVIDIA GeForce RTX3080 MSI 10Gb,1636909848,173880,True,https://regard.ru/catalog/tovar410482.htm
OnlineTrade,AMD Radeon RX 6600 XT ,SAPPHIRE Radeon RX 6600 XT 8192Mb PULSE OC,1636909848,75990,True,https://www.onlinetrade.ru/catalogue/videokarty-c338/sapphire/videokarta_sapphire_radeon_rx_6600_xt_8192mb_pulse_oc_11309_03_20g-2765615.html
Regard,GeForce RTX 3080,NVIDIA GeForce RTX3080 MSI 10Gb,1636909848,162970,True,https://regard.ru/catalog/tovar395435.htm
OnlineTrade,NVIDIA GeForce RTX 3060 ,Palit GeForce RTX 3060 LHR 12288Mb DUAL OC,1636909848,81990,True,https://www.onlinetrade.ru/catalogue/videokarty-c338/palit/videokarta_palit_geforce_rtx_3060_lhr_12288mb_dual_oc_ne63060t19k9_190ad-2521578.html
OnlineTrade,NVIDIA Quadro RTX4000 ,PNY Quadro RTX A4000 16384Mb,1636909848,159990,True,https://www.onlinetrade.ru/catalogue/videokarty-c338/pny/videokarta_pny_quadro_rtx_a4000_16384mb_vcnrtxa4000_sb_oem-2746473.html
OnlineTrade,NVIDIA GeForce GT 1030 ,Asus GeForce GT 1030 1278Mhz PCI-E 3.0 2048Mb 6008Mhz 64 bit DVI HDMI HDCP,1636909848,15990,True,https://www.onlinetrade.ru/catalogue/videokarty-c338/asus/videokarta_asus_geforce_gt_1030_1278mhz_pci_e_3.0_2048mb_6008mhz_64_bit_dvi_hdmi_hdcp_ph_gt1030_o2g-888340.html
OnlineTrade,NVIDIA GeForce GTX 1050 Ti ,PALIT GeForce GTX 1050 Ti StormX 1290Mhz PCI-E 3.0 4096Mb 7000Mhz 128 bit HDMI DVI DisplayPort,1636909848,32990,True,https://www.onlinetrade.ru/catalogue/videokarty-c338/palit/videokarta_palit_geforce_gtx_1050_ti_stormx_1290mhz_pci_e_3.0_4096mb_7000mhz_128_bit_hdmi_dvi_displayport_ne5105t018g1_1070f-657483.html
OnlineTrade,NVIDIA GeForce RTX 3060 Ti ,GIGABYTE GeForce RTX 3060 Ti LHR 8192Mb EAGLE OC 2.0,1636909848,108990,True,https://www.onlinetrade.ru/catalogue/videokarty-c338/gigabyte/videokarta_gigabyte_geforce_rtx_3060_ti_lhr_8192mb_eagle_oc_2.0_gv_n306teagle_oc_8gd_2.0-2664374.html
OnlineTrade,NVIDIA GeForce GT 610 ,AFOX GeForce GT 610 2048Mb AF610-2048D3L5,1636909848,3650,True,https://www.onlinetrade.ru/catalogue/videokarty-c338/afox/videokarta_afox_geforce_gt_610_2048mb_af610_2048d3l5-2151395.html
OnlineTrade,NVIDIA GeForce GT 610 ,SINOTEX GeForce GT610 1024Mb Ninja,1636909848,3390,True,https://www.onlinetrade.ru/catalogue/videokarty-c338/sinotex/videokarta_sinotex_geforce_gt610_1024mb_ninja_nk61np013f-2452702.html
OnlineTrade,NVIDIA GeForce RTX 3060 ,ASUS GeForce RTX 3060 LHR 12288Mb PHOENIX V2,1636909848,80990,True,https://www.onlinetrade.ru/catalogue/videokarty-c338/asus/videokarta_asus_geforce_rtx_3060_lhr_12288mb_phoenix_v2_ph_rtx3060_12g_v2-2713546.html
Regard,GeForce RTX 3080,NVIDIA GeForce RTX3080 Gigabyte 10Gb LHR,1636909848,181450,True,https://regard.ru/catalog/tovar395141.htm
OnlineTrade,NVIDIA GeForce RTX 3070 Ti ,MSI GeForce RTX 3070 Ti LHR 8192Mb VENTUS 3X OC,1636909848,136990,True,https://www.onlinetrade.ru/catalogue/videokarty-c338/msi/videokarta_msi_geforce_rtx_3070_ti_lhr_8192mb_ventus_3x_oc_rtx_3070_ti_lhr_ventus_3x_8g_oc_rtx_3070_ti_ventus_3x_8g_oc-2679997.html
Regard,GeForce RTX 3080,NVIDIA GeForce RTX3080 Gigabyte 10Gb LHR,1636909848,157200,True,https://regard.ru/catalog/tovar394532.htm
OnlineTrade,NVIDIA GeForce GT 730 ,SINOTEX GeForce GT 730 Ninja 4096Mb,1636909848,6990,True,https://www.onlinetrade.ru/catalogue/videokarty-c338/sinotex/videokarta_sinotex_geforce_gt_730_ninja_4096mb_nk73np043f-1923639.html
Regard,GeForce RTX 3080,NVIDIA GeForce RTX3080 Gigabyte 10Gb LHR,1636909848,173380,True,https://regard.ru/catalog/tovar395140.htm
Regard,GeForce RTX 3080,NVIDIA GeForce RTX3080 ASUS 10Gb LHR,1636909848,187680,True,https://regard.ru/catalog/tovar399590.htm
OnlineTrade,NVIDIA GeForce GTX 1650 ,Palit GeForce GTX 1650 4096Mb GP,1636909848,39990,True,https://www.onlinetrade.ru/catalogue/videokarty-c338/palit/videokarta_palit_geforce_gtx_1650_4096mb_gp_ne6165001bg1_1175a-2136989.html
OnlineTrade,NVIDIA GeForce GTX 1660 Ti ,ASUS GeForce GTX 1660 Ti 6144Mb TUF GAMING,1636909848,63990,True,https://www.onlinetrade.ru/catalogue/videokarty-c338/asus/videokarta_asus_geforce_gtx_1660_ti_6144mb_tuf_gaming_tuf_gtx1660ti_6g_evo_gaming-2837214.html
OnlineTrade,NVIDIA GeForce RTX 3060 Ti ,GIGABYTE GeForce RTX 3060 Ti LHR 8192Mb GAMING OC PRO 3.0,1636909849,111990,True,https://www.onlinetrade.ru/catalogue/videokarty-c338/gigabyte/videokarta_gigabyte_geforce_rtx_3060_ti_lhr_8192mb_gaming_oc_pro_3.0_gv_n306tgamingoc_pro_8gd_3.0-2664373.html
OnlineTrade,NVIDIA Quadro P400 ,PNY Quadro P400 2048Mb VCQP400DVIV2-PB,1636909849,11090,True,https://www.onlinetrade.ru/catalogue/videokarty-c338/pny/videokarta_pny_quadro_p400_2048mb_vcqp400dviv2_pb-2095334.html
OnlineTrade,NVIDIA GeForce GTX 1650 ,GIGABYTE GeForce GTX 1650 4096Mb D6 WINDFORCE OC 4G V2,1636909849,41990,True,https://www.onlinetrade.ru/catalogue/videokarty-c338/gigabyte/videokarta_gigabyte_geforce_gtx_1650_4096mb_d6_windforce_oc_4g_v2_gv_n1656wf2oc_4gd_v2-2264408.html
Regard,GeForce RTX 3080,NVIDIA GeForce RTX3080 ASUS 10Gb LHR,1636909849,184310,True,https://regard.ru/catalog/tovar396590.htm
Regard,GeForce RTX 3080,NVIDIA GeForce RTX3080 ASUS 10Gb LHR,1636909849,175690,True,https://regard.ru/catalog/tovar401944.htm
Regard,GeForce GT 730,NVIDIA GeForce GT730 Zotac Zone 4Gb,1636909849,7820,True,https://regard.ru/catalog/tovar166329.htm
OnlineTrade,NVIDIA GeForce RTX 3060 Ti ,Palit GeForce RTX 3060 Ti LHR 8192Mb Dual OC,1636909849,102990,True,https://www.onlinetrade.ru/catalogue/videokarty-c338/palit/videokarta_palit_geforce_rtx_3060_ti_lhr_8192mb_dual_oc_ne6306ts19p2_190ad_ne6306ts19p2_190ad_v1-2397945.html
Regard,GeForce GT 730,NVIDIA GeForce GT730 MSI 4Gb,1636909849,8270,True,https://regard.ru/catalog/tovar393587.htm
Regard,GeForce GT 730,NVIDIA GeForce GT730 MSI 2Gb,1636909849,6600,True,https://regard.ru/catalog/tovar211577.htm
Regard,GeForce GTX 1050 Ti,NVIDIA GeForce GTX1050 Ti ASUS 4Gb,1636909849,27600,True,https://regard.ru/catalog/tovar274730.htm
Regard,GeForce GT 730,NVIDIA GeForce GT730 MSI 2Gb,1636909849,6840,True,https://regard.ru/catalog/tovar398343.htm
Regard,GeForce GT 730,NVIDIA GeForce GT730 MSI 2Gb,1636909849,7700,True,https://regard.ru/catalog/tovar189800.htm
Regard,GeForce GT 730,NVIDIA GeForce GT730 Palit 2Gb,1636909849,6600,True,https://regard.ru/catalog/tovar393588.htm
OnlineTrade,NVIDIA GeForce RTX 3060 Ti ,Palit GeForce RTX 3060 Ti LHR 8192Mb Dual,1636909849,101990,True,https://www.onlinetrade.ru/catalogue/videokarty-c338/palit/videokarta_palit_geforce_rtx_3060_ti_lhr_8192mb_dual_ne6306t019p2_190ad_ne6306t019p2_190ad_v1-2394602.html
Regard,GeForce RTX 3070 Ti,NVIDIA GeForce RTX3070 Ti MSI 8Gb,1636909849,135030,True,https://regard.ru/catalog/tovar391166.htm
OnlineTrade,AMD Radeon R7 350 ,SINOTEX Radeon R7 350 2048Mb,1636909849,7490,True,https://www.onlinetrade.ru/catalogue/videokarty-c338/sinotex/videokarta_sinotex_radeon_r7_350_2048mb_ahr735025f-2224176.html
Regard,GeForce GT 730,NVIDIA GeForce GT730 Palit 2Gb,1636909849,6180,True,https://regard.ru/catalog/tovar161706.htm
OnlineTrade,NVIDIA GeForce GT 1030 ,Palit GeForce GT 1030 1151Mhz PCI-E 3.0 2048Mb 2100Mhz 64 bit HDMI DVI,1636909849,7730,True,https://www.onlinetrade.ru/catalogue/videokarty-c338/palit/videokarta_palit_geforce_gt_1030_1151mhz_pci_e_3.0_2048mb_2100mhz_64_bit_hdmi_dvi_nec103000646_1082f-1495026.html
OnlineTrade,NVIDIA GeForce RTX 3060 ,Palit GeForce RTX 3060 LHR 12288Mb StormX,1636909849,78990,True,https://www.onlinetrade.ru/catalogue/videokarty-c338/palit/videokarta_palit_geforce_rtx_3060_lhr_12288mb_stormx_ne63060019k9_190af-2544307.html
OnlineTrade,NVIDIA Quadro T600 ,PNY Quadro T600 4096Mb,1636909849,19980,True,https://www.onlinetrade.ru/catalogue/videokarty-c338/pny/videokarta_pny_quadro_t600_4096mb_vcnt600_pb-2821518.html
OnlineTrade,NVIDIA GeForce RTX 3060 Ti ,MSI GeForce RTX 3060 Ti LHR 8192Mb VENTUS 2X OC V1,1636909849,109990,True,https://www.onlinetrade.ru/catalogue/videokarty-c338/msi/videokarta_msi_geforce_rtx_3060_ti_lhr_8192mb_ventus_2x_oc_v1_rtx_3060_ti_ventus_2x_8g_ocv1_lhr-2746449.html
OnlineTrade,NVIDIA GeForce GTX 1650 ,GIGABYTE GeForce GTX 1650 4096Mb D6 OC 2.0,1636909849,38990,True,https://www.onlinetrade.ru/catalogue/videokarty-c338/gigabyte/videokarta_gigabyte_geforce_gtx_1650_4096mb_d6_oc_2.0_gv_n1656oc_4gd_2.0-2746442.html
Regard,GeForce GT 730,NVIDIA GeForce GT730 Gigabyte 2Gb,1636909849,7140,True,https://regard.ru/catalog/tovar263889.htm
OnlineTrade,NVIDIA GeForce RTX 3070 Ti ,Palit GeForce RTX 3070 Ti LHR 8192Mb GAMING PRO,1636909849,139990,True,https://www.onlinetrade.ru/catalogue/videokarty-c338/palit/videokarta_palit_geforce_rtx_3070_ti_lhr_8192mb_gaming_pro_ned307t019p2_1046a-2684967.html
Regard,GeForce GT 730,NVIDIA GeForce GT730 Gigabyte 2Gb,1636909849,7820,True,https://regard.ru/catalog/tovar164531.htm
OnlineTrade,NVIDIA T400 ,PNY NVIDIA T400 2048Mb,1636909849,10790,True,https://www.onlinetrade.ru/catalogue/videokarty-c338/pny/videokarta_pny_nvidia_t400_2048mb_vcnt400_sb-2799110.html
OnlineTrade,NVIDIA GeForce GTX 1660 Ti ,ASUS GeForce GTX 1660 Ti 6144Mb TUF GAMING OC,1636909849,64990,True,https://www.onlinetrade.ru/catalogue/videokarty-c338/asus/videokarta_asus_geforce_gtx_1660_ti_6144mb_tuf_gaming_oc_tuf_gtx1660ti_o6g_evo_gaming-2801575.html
Regard,GeForce GT 730,NVIDIA GeForce GT730 Colorful 2Gb,1636909849,6010,True,https://regard.ru/catalog/tovar392762.htm
Regard,GeForce GT 730,NVIDIA GeForce GT730 Gigabyte 2Gb,1636909850,7020,True,https://regard.ru/catalog/tovar313524.htm
OnlineTrade,NVIDIA GeForce GTX 1650 ,Asus GeForce GTX 1650 4096Mb PHOENIX OC,1636909850,39990,True,https://www.onlinetrade.ru/catalogue/videokarty-c338/asus/videokarta_asus_geforce_gtx_1650_4096mb_phoenix_oc_ph_gtx1650_o4gd6_p-2332572.html
OnlineTrade,AMD Radeon RX 6600 XT ,ASROCK RX 6600 XT 8192Mb Challenger D OC,1636909850,75990,True,https://www.onlinetrade.ru/catalogue/videokarty-c338/asrock/videokarta_asrock_rx_6600_xt_8192mb_challenger_d_oc_rx6600xt_cld_8go-2766911.html
Regard,GeForce GT 730,NVIDIA GeForce GT730 ASUS 2Gb,1636909850,7330,True,https://regard.ru/catalog/tovar227927.htm
OnlineTrade,NVIDIA GeForce RTX 3070 ,PALIT GeForce RTX 3070 LHR 8192Mb GAMINGPRO OC,1636909850,122400,True,https://www.onlinetrade.ru/catalogue/videokarty-c338/palit/videokarta_palit_geforce_rtx_3070_lhr_8192mb_gamingpro_oc_ne63070s19p2_1041a_v1-2752467.html
OnlineTrade,NVIDIA GeForce GT 720 ,AFOX GeForce G210 LP 1024Mb,1636909850,2990,True,https://www.onlinetrade.ru/catalogue/videokarty-c338/afox/videokarta_afox_geforce_g210_lp_1024mb_af210_1024d3l5_v3-2769719.html
OnlineTrade,NVIDIA GeForce GTX 1050 Ti ,GIGABYTE GeForce GTX 1050 Ti 1290Mhz PCI-E 3.0 4096Mb 7008Mhz 128 bit DVI HDMI HDCP,1636909850,35990,True,https://www.onlinetrade.ru/catalogue/videokarty-c338/gigabyte/videokarta_gigabyte_geforce_gtx_1050_ti_1290mhz_pci_e_3.0_4096mb_7008mhz_128_bit_dvi_hdmi_hdcp_gv_n105td5_4gd-666723.html
OnlineTrade,AMD Radeon RX 6600 ,MSI Radeon RX 6600 8192Mb MECH 2X,1636909850,69990,True,https://www.onlinetrade.ru/catalogue/videokarty-c338/msi/videokarta_msi_radeon_rx_6600_8192mb_mech_2x_rx_6600_mech_2x_8g-2830661.html
OnlineTrade,NVIDIA GeForce RTX 3060 ,MSI GeForce RTX 3060 LHR 12288Mb GAMING X,1636909850,97200,True,https://www.onlinetrade.ru/catalogue/videokarty-c338/msi/videokarta_msi_geforce_rtx_3060_lhr_12288mb_gaming_x_rtx_3060_gaming_x_12g-2486205.html
OnlineTrade,NVIDIA GeForce RTX 3080 Ti ,MSI GeForce RTX 3080 Ti LHR 12288Mb VENTUS 3X OC,1636909850,217990,True,https://www.onlinetrade.ru/catalogue/videokarty-c338/msi/videokarta_msi_geforce_rtx_3080_ti_lhr_12288mb_ventus_3x_oc_rtx_3080_ti_lhr_ventus_3x_12g_oc_rtx_3080_ti_ventus_3x_12g_oc-2684962.html
OnlineTrade,NVIDIA GeForce GTX 1650 ,GIGABYTE GeForce GTX 1650 PCI-E 3.0 4096Mb 128 bit Display Port HDMI HDCP OC,1636909850,40990,True,https://www.onlinetrade.ru/catalogue/videokarty-c338/gigabyte/videokarta_gigabyte_geforce_gtx_1650_pci_e_3.0_4096mb_128_bit_display_port_hdmi_hdcp_oc_gv_n1650oc_4gd-1790562.html
OnlineTrade,NVIDIA GeForce RTX 3070 ,MSI GeForce RTX 3070 LHR 8192Mb GAMING Z TRIO 8G,1636909850,115990,True,https://www.onlinetrade.ru/catalogue/videokarty-c338/msi/videokarta_msi_geforce_rtx_3070_lhr_8192mb_gaming_z_trio_8g_rtx_3070_gaming_z_trio_8g_lhr-2769709.html
OnlineTrade,NVIDIA GeForce GTX 1650 ,ASUS GeForce GTX 1650 4096Mb GAMING,1636909850,43990,True,https://www.onlinetrade.ru/catalogue/videokarty-c338/asus/videokarta_asus_geforce_gtx_1650_4096mb_gaming_tuf_gtx1650_4gd6_gaming-2178833.html
OnlineTrade,NVIDIA Quadro P400 ,PNY Quadro P400 V2 2048Mb OEM,1636909850,10670,True,https://www.onlinetrade.ru/catalogue/videokarty-c338/pny/videokarta_pny_quadro_p400_v2_2048mb_oem_vcqp400dviv2blk_1-2105273.html
OnlineTrade,AMD Radeon RX 6900 XT ,ASUS Radeon RX 6900 XT 16384Mb ROG STRIX LC GAMING,1636909850,161990,True,https://www.onlinetrade.ru/catalogue/videokarty-c338/asus/videokarta_asus_radeon_rx_6900_xt_16384mb_rog_strix_lc_gaming_rog_strix_lc_rx6900xt_t16g_gaming-2664358.html
OnlineTrade,NVIDIA GeForce GT 220 ,SINOTEX GeForce GT220 1024Mb Ninja,1636909850,3190,True,https://www.onlinetrade.ru/catalogue/videokarty-c338/sinotex/videokarta_sinotex_geforce_gt220_1024mb_ninja_nh22np013f-2281956.html
Regard,GeForce GT 730,NVIDIA GeForce GT730 ASUS 2Gb,1636909850,8690,True,https://regard.ru/catalog/tovar406435.htm
OnlineTrade,NVIDIA GeForce RTX 2060 Super ,MSI GeForce RTX 2060 SUPER 8192Mb VENTUS OC,1636909850,105990,True,https://www.onlinetrade.ru/catalogue/videokarty-c338/msi/videokarta_msi_geforce_rtx_2060_super_8192mb_ventus_oc_rtx_2060_super_ventus_oc_ru_oem-2607365.html
Regard,GeForce GT 730,NVIDIA GeForce GT730  Zotac Zone 2Gb,1636909850,7030,True,https://regard.ru/catalog/tovar165448.htm
Regard,GeForce GT 1030,NVIDIA GeForce GT1030 Palit 2Gb,1636909850,7660,True,https://regard.ru/catalog/tovar282282.htm
OnlineTrade,NVIDIA GeForce RTX 3060 ,GIGABYTE GeForce RTX 3060 LHR 12288Mb EAGLE 2.0,1636909850,85990,True,https://www.onlinetrade.ru/catalogue/videokarty-c338/gigabyte/videokarta_gigabyte_geforce_rtx_3060_lhr_12288mb_eagle_2.0_gv_n3060eagle_12gd_2.0-2818493.html
Regard,GeForce GT 1030,NVIDIA GeForce GT1030 Gigabyte 2Gb,1636909851,9220,True,https://regard.ru/catalog/tovar252691.htm
OnlineTrade,AMD Radeon RX 6600 XT ,ASUS Radeon RX 6600 XT 8192Mb DUAL OC,1636909851,75990,True,https://www.onlinetrade.ru/catalogue/videokarty-c338/asus/videokarta_asus_radeon_rx_6600_xt_8192mb_dual_oc_dual_rx6600xt_o8g-2801569.html
Regard,GeForce GT 1030,NVIDIA GeForce GT1030 Gigabyte 2Gb,1636909851,8550,True,https://regard.ru/catalog/tovar281748.htm
Regard,GeForce GT 1030,NVIDIA GeForce GT1030 ASUS 2Gb,1636909851,9070,True,https://regard.ru/catalog/tovar411956.htm
Regard,GeForce GT 1030,NVIDIA GeForce GT1030 ASUS 2Gb,1636909851,8850,True,https://regard.ru/catalog/tovar253668.htm
Regard,Radeon RX 6900 XT,AMD Radeon RX 6900 XT MSI 16Gb,1636909851,180140,True,https://regard.ru/catalog/tovar393735.htm
OnlineTrade,NVIDIA GeForce RTX 3080 ,GIGABYTE GeForce RTX 3080 LHR 10240Mb VISION OC 2.0,1636909851,195100,True,https://www.onlinetrade.ru/catalogue/videokarty-c338/gigabyte/videokarta_gigabyte_geforce_rtx_3080_lhr_10240mb_vision_oc_2.0_gv_n3080vision_oc_10gd_2.0-2713547.html
OnlineTrade,NVIDIA Quadro P2200 ,PNY GeForce Quadro P2200 5120Mb,1636909851,65990,True,https://www.onlinetrade.ru/catalogue/videokarty-c338/pny/videokarta_pny_geforce_quadro_p2200_5120mb_vcqp2200_pb-1902105.html
OnlineTrade,NVIDIA GeForce GT 1030 ,MSI GeForce GT 1030 1189Mhz PCI-E 3.0 2048Mb 2100Mhz 64 bit HDMI SL-DVI-D ITX OC,1636909851,9990,True,https://www.onlinetrade.ru/catalogue/videokarty-c338/msi/videokarta_msi_geforce_gt_1030_1189mhz_pci_e_3.0_2048mb_2100mhz_64_bit_hdmi_sl_dvi_d_itx_oc_gt_1030_aero_itx_2gd4_oc-1541365.html
OnlineTrade,NVIDIA GeForce RTX 3080 Ti ,GIGABYTE GeForce RTX 3080 Ti LHR 12288Mb VISION OC,1636909851,229990,True,https://www.onlinetrade.ru/catalogue/videokarty-c338/gigabyte/videokarta_gigabyte_geforce_rtx_3080_ti_lhr_12288mb_vision_oc_gv_n308tvision_oc_12gd-2666127.html
Regard,Radeon RX 6900 XT,AMD Radeon RX 6900 XT Gigabyte 16Gb,1636909851,188730,True,https://regard.ru/catalog/tovar385063.htm
OnlineTrade,NVIDIA GeForce GTX 1650 ,GIGABYTE GeForce GTX 1650 OC,1636909851,40990,True,https://www.onlinetrade.ru/catalogue/videokarty-c338/gigabyte/videokarta_gigabyte_geforce_gtx_1650_oc_gv_n1650oc_4gl-1954097.html
OnlineTrade,AMD Radeon R5 230 ,SINOTEX Radeon R5 230 1024Mb,1636909851,3500,True,https://www.onlinetrade.ru/catalogue/videokarty-c338/sinotex/videokarta_sinotex_radeon_r5_230_1024mb_akr523013f-2452704.html
OnlineTrade,NVIDIA Quadro P1000 ,PNY Quadro P1000 V2 4096Mb OEM,1636909851,31990,True,https://www.onlinetrade.ru/catalogue/videokarty-c338/pny/videokarta_pny_quadro_p1000_v2_4096mb_oem_vcqp1000dviv2blk_1-2105274.html
OnlineTrade,AMD Radeon RX 6900 XT ,Asus Radeon RX 6900 XT 16384Mb TUF GAMING OC,1636909851,175990,True,https://www.onlinetrade.ru/catalogue/videokarty-c338/asus/videokarta_asus_radeon_rx_6900_xt_16384mb_tuf_gaming_oc_tuf_rx6900xt_o16g_gaming-2412726.html
OnlineTrade,NVIDIA Quadro P2200 ,PNY GeForce Quadro P2200 5120Mb,1636909851,56990,True,https://www.onlinetrade.ru/catalogue/videokarty-c338/pny/videokarta_pny_geforce_quadro_p2200_5120mb_vcqp2200blk_1-1902106.html
OnlineTrade,NVIDIA GeForce RTX 3070 ,GIGABYTE GeForce RTX 3070 LHR 8192Mb AORUS MASTER V2.0,1636909851,115990,True,https://www.onlinetrade.ru/catalogue/videokarty-c338/gigabyte/videokarta_gigabyte_geforce_rtx_3070_lhr_8192mb_aorus_master_v2.0_gv_n3070aorus_m_8gd_2.0-2818490.html
OnlineTrade,NVIDIA T400 ,PNY NVIDIA T400 2048Mb,1636909851,11990,True,https://www.onlinetrade.ru/catalogue/videokarty-c338/pny/videokarta_pny_nvidia_t400_2048mb_vcnt400_pb-2816291.html
Regard,Radeon RX 6900 XT,AMD Radeon RX 6900 XT Gigabyte 16Gb,1636909851,168650,True,https://regard.ru/catalog/tovar392359.htm
OnlineTrade,NVIDIA GeForce GT 730 ,"MSI GeForce GT 730 902Mhz PCI-E 2.0 2048Mb 1600Mhz 64 bit DVI, HDMI, HDCP",1636909851,6400,True,https://www.onlinetrade.ru/catalogue/videokarty-c338/msi/videokarta_msi_geforce_gt_730_902mhz_pci_e_2.0_2048mb_1600mhz_64_bit_dvi_hdmi_hdcp_n730k_2gd3h_lp-317334.html
Regard,Radeon RX 6900 XT,AMD Radeon RX 6900 XT Gigabyte 16Gb,1636909851,226910,True,https://regard.ru/catalog/tovar389881.htm
OnlineTrade,NVIDIA GeForce GTX 1650 ,Palit GeForce GTX 1650 4096Mb GP OC,1636909851,41590,True,https://www.onlinetrade.ru/catalogue/videokarty-c338/palit/videokarta_palit_geforce_gtx_1650_4096mb_gp_oc_ne61650s1bg1_1175a-2136990.html
Regard,Radeon RX 6900 XT,AMD Radeon RX 6900 XT ASUS 16Gb,1636909851,177840,True,https://regard.ru/catalog/tovar411877.htm
OnlineTrade,AMD Radeon RX 6700 XT ,XFX Radeon RX 6700 XT 12288Mb Speedster QICK319 BLACK,1636909851,109990,True,https://www.onlinetrade.ru/catalogue/videokarty-c338/xfx/videokarta_xfx_radeon_rx_6700_xt_12288mb_speedster_qick319_black_rx_67xtypbdp-2603576.html
OnlineTrade,NVIDIA GeForce RTX 3080 ,MSI GeForce RTX 3080 LHR 10240Mb GAMING Z TRIO,1636909852,168990,True,https://www.onlinetrade.ru/catalogue/videokarty-c338/msi/videokarta_msi_geforce_rtx_3080_lhr_10240mb_gaming_z_trio_rtx_3080_gaming_z_trio_10g_lhr-2747998.html
OnlineTrade,NVIDIA GeForce RTX 3070 Ti ,ASUS GeForce RTX 3070 Ti LHR 8192Mb TUF GAMING OC,1636909852,139990,True,https://www.onlinetrade.ru/catalogue/videokarty-c338/asus/videokarta_asus_geforce_rtx_3070_ti_lhr_8192mb_tuf_gaming_oc_tuf_rtx3070ti_o8g_gaming-2685013.html
OnlineTrade,NVIDIA Quadro P1000 ,PNY Quadro P1000 4096Mb VCQP1000V2-PB,1636909852,32790,True,https://www.onlinetrade.ru/catalogue/videokarty-c338/pny/videokarta_pny_quadro_p1000_4096mb_vcqp1000v2_pb-2095333.html
OnlineTrade,AMD Radeon RX 6900 XT ,SAPPHIRE TOXIC AMD Radeon™ RX 6900 XT Extreme Edition,1636909852,179990,True,https://www.onlinetrade.ru/catalogue/videokarty-c338/sapphire/videokarta_sapphire_toxic_amd_radeon_rx_6900_xt_extreme_edition_11308_08_20g-2631884.html
OnlineTrade,NVIDIA Quadro P400 ,PNY Quadro P400 2048Mb VCQP400V2-PB,1636909852,10810,True,https://www.onlinetrade.ru/catalogue/videokarty-c338/pny/videokarta_pny_quadro_p400_2048mb_vcqp400v2_pb-2095337.html
OnlineTrade,NVIDIA GeForce GTX 1660 Ti ,Palit GeForce GTX 1660 Ti PCI-E 3.0 6144Mb 192 bit DVI HDMI Display Port HDCP StormX,1636909852,62990,True,https://www.onlinetrade.ru/catalogue/videokarty-c338/palit/videokarta_palit_geforce_gtx_1660_ti_pci_e_3.0_6144mb_192_bit_dvi_hdmi_display_port_hdcp_stormx_ne6166t018j9_161f-1693664.html
OnlineTrade,NVIDIA GeForce GTX 1050 Ti ,Asus GeForce GTX 1050 Ti 1290Mhz PCI-E 3.0 4096Mb 7008Mhz 128 bit DVI HDMI HDCP Phoenix,1636909852,37990,True,https://www.onlinetrade.ru/catalogue/videokarty-c338/asus/videokarta_asus_geforce_gtx_1050_ti_1290mhz_pci_e_3.0_4096mb_7008mhz_128_bit_dvi_hdmi_hdcp_phoenix_ph_gtx1050ti_4g-668130.html
OnlineTrade,NVIDIA T400 ,PNY NVIDIA T400 2048Mb,1636909852,10580,True,https://www.onlinetrade.ru/catalogue/videokarty-c338/pny/videokarta_pny_nvidia_t400_2048mb_vcnt400_blk-2816289.html
OnlineTrade,NVIDIA GeForce RTX 3080 Ti ,COLORFUL GeForce RTX 3080 Ti LHR 12288Mb NB-V,1636909852,194990,False,https://www.onlinetrade.ru/catalogue/videokarty-c338/colorful/videokarta_colorful_geforce_rtx_3080_ti_lhr_12288mb_nb_v_rtx_3080_ti_nb_v-2868512.html
OnlineTrade,NVIDIA GeForce RTX 3060 ,GIGABYTE GeForce RTX 3060 LHR 12288Mb VISION OC 2.0,1636909852,89990,True,https://www.onlinetrade.ru/catalogue/videokarty-c338/gigabyte/videokarta_gigabyte_geforce_rtx_3060_lhr_12288mb_vision_oc_2.0_gv_n3060vision_oc_12gd_2.0-2664377.html
OnlineTrade,NVIDIA Quadro P620 ,PNY Quadro P620 2048Mb VCQP620V2-PB,1636909852,19300,True,https://www.onlinetrade.ru/catalogue/videokarty-c338/pny/videokarta_pny_quadro_p620_2048mb_vcqp620v2_pb-2095338.html
OnlineTrade,NVIDIA Quadro P400 ,PNY Quadro P400 2048Mb,1636909852,10690,True,https://www.onlinetrade.ru/catalogue/videokarty-c338/pny/videokarta_pny_quadro_p400_2048mb_vcqp400v2_sb-2210413.html
OnlineTrade,NVIDIA GeForce RTX 3090 ,GIGABYTE GeForce RTX 3090 24576Mb,1636909852,269990,True,https://www.onlinetrade.ru/catalogue/videokarty-c338/gigabyte/videokarta_gigabyte_geforce_rtx_3090_24576mb_gv_n3090ixeb_24gd-2388321.html
OnlineTrade,NVIDIA Quadro P2000 ,PNY Quadro P2000 PCI-E 3.0 5120Mb 160 bit,1636909852,47990,True,https://www.onlinetrade.ru/catalogue/videokarty-c338/pny/professionalnaya_videokarta_pny_quadro_p2000_pci_e_3.0_5120mb_160_bit_vcqp2000_pb-800054.html
OnlineTrade,AMD Radeon RX 6600 ,ASUS Radeon RX 6600 8192Mb DUAL,1636909852,69990,True,https://www.onlinetrade.ru/catalogue/videokarty-c338/asus/videokarta_asus_radeon_rx_6600_8192mb_dual_dual_rx6600_8g-2852966.html
OnlineTrade,NVIDIA GeForce RTX 3060 Ti ,KFA2 GeForce RTX 3060 Ti LHR 8192Mb CORE,1636909852,93990,False,https://www.onlinetrade.ru/catalogue/videokarty-c338/kfa2/videokarta_kfa2_geforce_rtx_3060_ti_lhr_8192mb_core_1_click_oc_36isl6md1vqk-2868332.html
OnlineTrade,NVIDIA GeForce GT 1030 ,GIGABYTE GeForce GT 1030 1177Mhz PCI-E 3.0 2048Mb 2100Mhz 64 bit DVI HDMI Low Profile,1636909852,8290,True,https://www.onlinetrade.ru/catalogue/videokarty-c338/gigabyte/videokarta_gigabyte_geforce_gt_1030_1177mhz_pci_e_3.0_2048mb_2100mhz_64_bit_dvi_hdmi_low_profile_gv_n1030d4_2gl-1503268.html
OnlineTrade,NVIDIA GeForce RTX 3060 Ti ,PNY GeForce RTX 3060 Ti LHR 8192Mb XLR8 REVEL EPIC-X,1636909853,96990,True,https://www.onlinetrade.ru/catalogue/videokarty-c338/pny/videokarta_pny_geforce_rtx_3060_ti_lhr_8192mb_xlr8_revel_epic_x_vcg3060t8ldfxppb-2868516.html
OnlineTrade,NVIDIA GeForce RTX 3080 ,ASUS GeForce RTX 3080 LHR 10240Mb ROG STRIX GAMING OC V2,1636909853,229000,True,https://www.onlinetrade.ru/catalogue/videokarty-c338/asus/videokarta_asus_geforce_rtx_3080_lhr_10240mb_rog_strix_gaming_oc_v2_rog_strix_rtx3080_o10g_v2_gaming-2713543.html
OnlineTrade,NVIDIA GeForce RTX 3060 Ti ,GIGABYTE GeForce RTX 3060 Ti LHR 8192Mb EAGLE 2.0,1636909853,103990,True,https://www.onlinetrade.ru/catalogue/videokarty-c338/gigabyte/videokarta_gigabyte_geforce_rtx_3060_ti_lhr_8192mb_eagle_2.0_gv_n306teagle_8gd_2.0-2664376.html
OnlineTrade,AMD Radeon RX 6700 XT ,XFX Radeon RX 6700 XT 12288Mb Speedster MERC319 BLACK Gaming,1636909853,108990,True,https://www.onlinetrade.ru/catalogue/videokarty-c338/xfx/videokarta_xfx_radeon_rx_6700_xt_12288mb_speedster_merc319_black_gaming_rx_67xtytbdp-2552721.html
OnlineTrade,NVIDIA GeForce RTX 3090 ,GIGABYTE GeForce RTX 3090 24576Mb TURBO,1636909853,303990,True,https://www.onlinetrade.ru/catalogue/videokarty-c338/gigabyte/videokarta_gigabyte_geforce_rtx_3090_24576mb_turbo_gv_n3090turbo_24gd-2323348.html
OnlineTrade,NVIDIA GeForce GTX 1050 Ti ,Asus GeForce GTX 1050 Ti 1366Mhz PCI-E 3.0 4096Mb 7008Mhz 128 bit DVI HDMI HDCP Cerberus,1636909853,40990,True,https://www.onlinetrade.ru/catalogue/videokarty-c338/asus/videokarta_asus_geforce_gtx_1050_ti_1366mhz_pci_e_3.0_4096mb_7008mhz_128_bit_dvi_hdmi_hdcp_cerberus_cerberus_gtx1050ti_o4g-1310609.html
OnlineTrade,NVIDIA GeForce GT 730 ,MSI GeForce GT 730 700Mhz PCI-E 2.0 2048Mb 1800Mhz 128 bit DVI HDMI HDCP V2,1636909853,6990,True,https://www.onlinetrade.ru/catalogue/videokarty-c338/msi/videokarta_msi_geforce_gt_730_700mhz_pci_e_2.0_2048mb_1800mhz_128_bit_dvi_hdmi_hdcp_v2_n730_2gd3v2-1541373.html
OnlineTrade,NVIDIA GeForce RTX 3080 ,GIGABYTE GeForce RTX 3080 10240Mb AORUS GAMING BOX,1636909853,232320,True,https://www.onlinetrade.ru/catalogue/videokarty-c338/gigabyte/videokarta_gigabyte_geforce_rtx_3080_10240mb_aorus_gaming_box_gv_n3080ixeb_10gd-2406397.html
OnlineTrade,NVIDIA GeForce GTX 1050 Ti ,KFA2 GeForce GTX 1050 Ti 4096Mb 1-CLICK OC,1636909853,36990,True,https://www.onlinetrade.ru/catalogue/videokarty-c338/kfa2/videokarta_kfa2_geforce_gtx_1050_ti_4096mb_1_click_oc_50iqh8dsq31k-1963527.html
OnlineTrade,NVIDIA GeForce GTX 1050 Ti ,MSI GeForce GTX 1050 Ti 1341Mhz PCI-E 3.0 4096Mb 7008Mhz 128 bit DPort HDMI DL-DVI-D,1636909853,38990,True,https://www.onlinetrade.ru/catalogue/videokarty-c338/msi/videokarta_msi_geforce_gtx_1050_ti_1341mhz_pci_e_3.0_4096mb_7008mhz_128_bit_dport_hdmi_dl_dvi_d_gtx_1050_ti_4gt_ocv1-1485364.html
OnlineTrade,AMD Radeon RX 6900 XT ,XFX Radeon RX 6900 XT 16384Mb Speedster ZERO EKWB Waterblock LE,1636909853,153990,True,https://www.onlinetrade.ru/catalogue/videokarty-c338/xfx/videokarta_xfx_radeon_rx_6900_xt_16384mb_speedster_zero_ekwb_waterblock_le_rx_69xtawbd9-2816288.html
OnlineTrade,NVIDIA GeForce RTX 3070 ,ASUS GeForce RTX 3070 LHR 8192Mb TUF GAMING V2,1636909853,105990,False,https://www.onlinetrade.ru/catalogue/videokarty-c338/asus/videokarta_asus_geforce_rtx_3070_lhr_8192mb_tuf_gaming_v2_tuf_rtx3070_8g_v2_gaming-2860821.html
OnlineTrade,NVIDIA GeForce RTX 3060 ,MSI GeForce RTX 3060 LHR 12288Mb VENTUS 2X OC,1636909853,85990,True,https://www.onlinetrade.ru/catalogue/videokarty-c338/msi/videokarta_msi_geforce_rtx_3060_lhr_12288mb_ventus_2x_oc_rtx_3060_ventus_2x_12g_oc-2671004.html
OnlineTrade,NVIDIA GeForce RTX 3070 ,ASUS GeForce RTX 3070 LHR 8192Mb DUAL OC V2,1636909854,108990,True,https://www.onlinetrade.ru/catalogue/videokarty-c338/asus/videokarta_asus_geforce_rtx_3070_lhr_8192mb_dual_oc_v2_dual_rtx3070_o8g_v2-2769312.html
OnlineTrade,NVIDIA GeForce GT 730 ,ZOTAC GeForce GT 730 Zone Edition 4096,1636909854,7200,True,https://www.onlinetrade.ru/catalogue/videokarty-c338/zotac/videokarta_zotac_geforce_gt_730_zone_edition_4096_zt_71115_20l-1923648.html
OnlineTrade,NVIDIA GeForce RTX 3060 Ti ,GIGABYTE GeForce RTX 3060 Ti LHR 8192Mb GAMING 2.0,1636909854,97990,False,https://www.onlinetrade.ru/catalogue/videokarty-c338/gigabyte/videokarta_gigabyte_geforce_rtx_3060_ti_lhr_8192mb_gaming_2.0_gv_n306tgaming_8gd_2.0-2875823.html
OnlineTrade,NVIDIA GeForce GTX 1650 ,MSI GeForce GTX 1650 4096Mb D6 AERO ITX OC V1,1636909854,39990,True,https://www.onlinetrade.ru/catalogue/videokarty-c338/msi/videokarta_msi_geforce_gtx_1650_4096mb_d6_aero_itx_oc_v1_gtx_1650_d6_aero_itx_ocv1-2277787.html
OnlineTrade,NVIDIA GeForce GT 730 ,"GIGABYTE GeForce GT 730 902Mhz PCI-E 2.0 2048Mb 5000Mhz 64 bit DVI,HDMI",1636909854,7000,True,https://www.onlinetrade.ru/catalogue/videokarty-c338/gigabyte/videokarta_gigabyte_geforce_gt_730_902mhz_pci_e_2.0_2048mb_5000mhz_64_bit_dvi_hdmi_gv_n730d5_2gl-1205010.html
OnlineTrade,NVIDIA GeForce GT 730 ,MSI GeForce GT 730 2048Mb OC V5,1636909854,6390,True,https://www.onlinetrade.ru/catalogue/videokarty-c338/msi/videokarta_msi_geforce_gt_730_2048mb_oc_v5_n730k_2gd3_ocv5-2770032.html
OnlineTrade,NVIDIA GeForce RTX 3080 ,ASUS GeForce RTX 3080 LHR 10240Mb TUF GAMING,1636909854,191100,True,https://www.onlinetrade.ru/catalogue/videokarty-c338/asus/videokarta_asus_geforce_rtx_3080_lhr_10240mb_tuf_gaming_tuf_rtx3080_10g_v2_gaming-2777960.html
OnlineTrade,NVIDIA GeForce RTX 3070 Ti ,MSI GeForce RTX 3070 Ti LHR 8192Mb GAMING X TRIO,1636909854,139990,True,https://www.onlinetrade.ru/catalogue/videokarty-c338/msi/videokarta_msi_geforce_rtx_3070_ti_lhr_8192mb_gaming_x_trio_rtx_3070_ti_lhr_gaming_x_trio_8g_rtx_3070_ti_gaming_x_trio_8g-2688013.html
OnlineTrade,NVIDIA GeForce RTX 3080 ,GIGABYTE GeForce RTX 3080 10240Mb GAMING OC WATERFORCE WB 10G,1636909854,239990,True,https://www.onlinetrade.ru/catalogue/videokarty-c338/gigabyte/videokarta_gigabyte_geforce_rtx_3080_10240mb_gaming_oc_waterforce_wb_10g_gv_n3080gamingoc_wb_10gd-2662277.html
OnlineTrade,NVIDIA GeForce RTX 3060 ,COLORFUL GeForce RTX 3060 LHR 12288Mb Ultra W OC L-V,1636909854,85990,True,https://www.onlinetrade.ru/catalogue/videokarty-c338/colorful/videokarta_colorful_geforce_rtx_3060_lhr_12288mb_ultra_w_oc_l_v_rtx_3060_ultra_w_oc_12g_l_v-2685021.html
OnlineTrade,NVIDIA GeForce RTX 3070 ,Palit GeForce RTX 3070 8192Mb GAMINGPRO,1636909854,175990,True,https://www.onlinetrade.ru/catalogue/videokarty-c338/palit/videokarta_palit_geforce_rtx_3070_8192mb_gamingpro_ne63070019p2_1041a-2326048.html
OnlineTrade,NVIDIA Quadro P620 ,PNY GeForce Quadro P620 PCI-E 2048Mb 128 bit,1636909854,19300,True,https://www.onlinetrade.ru/catalogue/videokarty-c338/pny/videokarta_pny_geforce_quadro_p620_pci_e_2048mb_128_bit_oem_vcqp620v2blk_1-2089133.html
OnlineTrade,NVIDIA Quadro T1000 ,PNY Quadro T1000 4096Mb,1636909854,34500,True,https://www.onlinetrade.ru/catalogue/videokarty-c338/pny/videokarta_pny_quadro_t1000_4096mb_vcnt1000_sb-2664405.html
OnlineTrade,NVIDIA GeForce GT 730 ,ZOTAC GeForce GT 730 Zone Edition 2048,1636909854,6400,True,https://www.onlinetrade.ru/catalogue/videokarty-c338/zotac/videokarta_zotac_geforce_gt_730_zone_edition_2048_zt_71113_20l-1923647.html
OnlineTrade,NVIDIA Quadro P400 ,DELL Quadro P400 PCI-E 3.0 2048Mb 64 bit for Precision MT,1636909854,10300,True,https://www.onlinetrade.ru/catalogue/videokarty-c338/dell/videokarta_dell_quadro_p400_pci_e_3.0_2048mb_64_bit_for_precision_mt_490_bdtb-1766220.html
OnlineTrade,NVIDIA Quadro T600 ,DELL Nvidia Quadro T600 4096Mb,1636909854,15680,True,https://www.onlinetrade.ru/catalogue/videokarty-c338/dell/videokarta_dell_nvidia_quadro_t600_4096mb_490_bgxx-2881746.html
OnlineTrade,NVIDIA GeForce RTX 3090 ,MSI GeForce RTX 3090 24576Mb VENTUS 3X OC,1636909854,329990,False,https://www.onlinetrade.ru/catalogue/videokarty-c338/msi/videokarta_msi_geforce_rtx_3090_24576mb_ventus_3x_oc_rtx_3090_ventus_3x_24g_oc-2869430.html
OnlineTrade,NVIDIA Quadro RTX4000 ,PNY Quadro RTX 4000 PCI-E 3.0 8192 Mb 256 bit,1636909854,95680,True,https://www.onlinetrade.ru/catalogue/videokarty-c338/pny/videokarta_pny_quadro_rtx_4000_pci_e_3.0_8192_mb_256_bit_vcqrtx4000_pb-1781490.html
OnlineTrade,NVIDIA GeForce GT 740 ,SINOTEX GeForce GT 740 4096Mb,1636909855,9990,True,https://www.onlinetrade.ru/catalogue/videokarty-c338/sinotex/videokarta_sinotex_geforce_gt_740_4096mb_nk74np045f-2746458.html
OnlineTrade,AMD Radeon R5 230 ,SINOTEX Radeon R5 230 2048Mb,1636909855,4200,True,https://www.onlinetrade.ru/catalogue/videokarty-c338/sinotex/videokarta_sinotex_radeon_r5_230_2048mb_ahr523023f-2816279.html
OnlineTrade,NVIDIA GeForce RTX 3080 ,MSI GeForce RTX 3080 LHR 10240Mb VENTUS 3X OC,1636909855,177100,True,https://www.onlinetrade.ru/catalogue/videokarty-c338/msi/videokarta_msi_geforce_rtx_3080_lhr_10240mb_ventus_3x_oc_rtx_3080_ventus_3x_10g_oc_lhr-2748897.html
OnlineTrade,NVIDIA GeForce RTX 3080 ,GIGABYTE GeForce RTX 3080 LHR 10240Mb AORUS XTREME 2.0,1636909855,179990,True,https://www.onlinetrade.ru/catalogue/videokarty-c338/gigabyte/videokarta_gigabyte_geforce_rtx_3080_lhr_10240mb_aorus_xtreme_2.0_gv_n3080aorus_x_10gd_2.0-2746444.html
OnlineTrade,NVIDIA GeForce RTX 3080 ,GIGABYTE GeForce RTX 3080 LHR 10240Mb GAMING OC 2.0,1636909855,159990,True,https://www.onlinetrade.ru/catalogue/videokarty-c338/gigabyte/videokarta_gigabyte_geforce_rtx_3080_lhr_10240mb_gaming_oc_2.0_gv_n3080gaming_oc_10gd_2.0-2679991.html
OnlineTrade,AMD Radeon RX 6900 XT ,MSI Radeon RX 6900 XT 16384Mb GAMING Z TRIO,1636909855,179990,True,https://www.onlinetrade.ru/catalogue/videokarty-c338/msi/videokarta_msi_radeon_rx_6900_xt_16384mb_gaming_z_trio_rx_6900_xt_gaming_z_trio_16g-2684960.html
OnlineTrade,NVIDIA GeForce GTX 1660 ,PALIT GeForce GTX 1660 6144Mb DUAL,1636909855,59990,True,https://www.onlinetrade.ru/catalogue/videokarty-c338/palit/videokarta_palit_geforce_gtx_1660_6144mb_dual_ne51660018j9_1161c-2719593.html
OnlineTrade,NVIDIA Quadro RTX6000 ,PNY Quadro RTX 6000 PCI-E 3.0 24576Mb 384 bit,1636909855,373800,True,https://www.onlinetrade.ru/catalogue/videokarty-c338/pny/videokarta_pny_quadro_rtx_6000_pci_e_3.0_24576mb_384_bit_vcqrtx6000_bsp-1766724.html
OnlineTrade,NVIDIA Quadro RTX8000 ,PNY Quadro RTX 8000 PCI-E 3.0 49152Mb 384 bit,1636909855,584200,True,https://www.onlinetrade.ru/catalogue/videokarty-c338/pny/videokarta_pny_quadro_rtx_8000_pci_e_3.0_49152mb_384_bit_vcqrtx8000_pb-1769293.html
OnlineTrade,NVIDIA Quadro RTX4000 ,PNY Quadro RTX 4000 PCI-E 3.0 8192 Mb 256 bit OEM,1636909855,89990,True,https://www.onlinetrade.ru/catalogue/videokarty-c338/pny/videokarta_pny_quadro_rtx_4000_pci_e_3.0_8192_mb_256_bit_oem_vcqrtx4000blk_1-1766784.html
OnlineTrade,NVIDIA Quadro GP100 ,NVIDIA Quadro GP100 16Gb,1636909855,610000,True,https://www.onlinetrade.ru/catalogue/videokarty-c338/nvidia/videokarta_nvidia_quadro_gp100_16gb_900_5h400_2500_000-1694536.html
OnlineTrade,NVIDIA Tesla T4 ,NVIDIA TESLA T4 16Gb OEM,1636909855,211000,True,https://www.onlinetrade.ru/catalogue/videokarty-c338/nvidia/videokarta_nvidia_tesla_t4_16gb_oem_900_2g183_0000_000-1694532.html
OnlineTrade,NVIDIA Tesla K40M ,NVIDIA TESLA K40M 12Gb,1636909855,213900,True,https://www.onlinetrade.ru/catalogue/videokarty-c338/nvidia/videokarta_nvidia_tesla_k40m_12gb_tcsk40m_pb_nv-1694491.html
OnlineTrade,NVIDIA GeForce GT 730 ,Palit GeForce GT 730 902Mhz PCI-E 2.0 2048Mb 1600Mhz 64 bit HDMI DVI,1636909855,6700,True,https://www.onlinetrade.ru/catalogue/videokarty-c338/palit/videokarta_palit_geforce_gt_730_902mhz_pci_e_2.0_2048mb_1600mhz_64_bit_hdmi_dvi_neat7300hd46_2080h-1555262.html
OnlineTrade,NVIDIA GeForce GT 730 ,ASUS GeForce GT 730 902Mhz PCI-E 2.0 2048Mb 5010Mhz 64 bit DVI HDMI HDCP Silent,1636909855,7270,True,https://www.onlinetrade.ru/catalogue/videokarty-c338/asus/videokarta_asus_geforce_gt_730_902mhz_pci_e_2.0_2048mb_5010mhz_64_bit_dvi_hdmi_hdcp_silent_gt730_sl_2gd5_brk-744377.html
OnlineTrade,NVIDIA GeForce GT 730 ,GIGABYTE GeForce GT 730 902Mhz PCI-E 2.0 2048Mb 1800Mhz 64 bit DVI HDMI HDCP ver 2,1636909856,6400,True,https://www.onlinetrade.ru/catalogue/videokarty-c338/gigabyte/videokarta_gigabyte_geforce_gt_730_902mhz_pci_e_2.0_2048mb_1800mhz_64_bit_dvi_hdmi_hdcp_ver_2_gv_n730d3_2gi_v2.0-738916.html
OnlineTrade,NVIDIA Quadro P1000 ,HP Quadro P1000 PCI-E 3.0 4096Mb 128 bit,1636909856,32000,True,https://www.onlinetrade.ru/catalogue/videokarty-c338/hp/videokarta_hp_quadro_p1000_pci_e_3.0_4096mb_128_bit_1me01aa-1421627.html
OnlineTrade,NVIDIA GeForce RTX 3090 ,ZOTAC GeForce RTX 3090 24576Mb ArcticStorm,1636909856,289990,False,https://www.onlinetrade.ru/catalogue/videokarty-c338/zotac/videokarta_zotac_geforce_rtx_3090_24576mb_arcticstorm_zt_a30900q_30p-2868506.html
OnlineTrade,NVIDIA Quadro RTX4000 ,PNY Quadro RTX 4000 8192Mb,1636909856,94400,True,https://www.onlinetrade.ru/catalogue/videokarty-c338/pny/videokarta_pny_quadro_rtx_4000_8192mb_vcqrtx4000_sb-2718579.html
OnlineTrade,NVIDIA GeForce RTX 3080 ,ASUS GeForce RTX 3080 LHR 10240Mb TUF GAMING OC,1636909856,164990,True,https://www.onlinetrade.ru/catalogue/videokarty-c338/asus/videokarta_asus_geforce_rtx_3080_lhr_10240mb_tuf_gaming_oc_tuf_rtx3080_o10g_v2_gaming-2777962.html
OnlineTrade,NVIDIA Quadro RTX5000 ,PNY Quadro RTX 5000 PCI-E 3.0 16Gb 256 bit,1636909856,224100,True,https://www.onlinetrade.ru/catalogue/videokarty-c338/pny/videokarta_pny_quadro_rtx_5000_pci_e_3.0_16gb_256_bit_vcqrtx5000_pb-1781491.html
OnlineTrade,AMD Radeon RX 560 ,AFOX Radeon RX 560 4096Mb ATX DUAL FAN V2,1636909856,22990,True,https://www.onlinetrade.ru/catalogue/videokarty-c338/afox/videokarta_afox_radeon_rx_560_4096mb_atx_dual_fan_v2_afrx560_4096d5h4_v2-2781769.html
OnlineTrade,NVIDIA Quadro RTX8000 ,PNY Quadro RTX 8000 49152Mb VCQRTX8000-BSP OEM,1636909856,575600,True,https://www.onlinetrade.ru/catalogue/videokarty-c338/pny/videokarta_pny_quadro_rtx_8000_49152mb_vcqrtx8000_bsp_oem-2125396.html
OnlineTrade,NVIDIA Quadro P620 ,PNY Quadro P620 2048Mb,1636909856,14400,True,https://www.onlinetrade.ru/catalogue/videokarty-c338/pny/videokarta_pny_quadro_p620_2048mb_vcqp620v2_blk-2278997.html
OnlineTrade,NVIDIA Quadro RTX5000 ,PNY Quadro RTX 5000 16384Mb,1636909856,188600,True,https://www.onlinetrade.ru/catalogue/videokarty-c338/pny/videokarta_pny_quadro_rtx_5000_16384mb_vcqrtx5000blk_1-2095336.html
OnlineTrade,Atlas ,HUAWEI Atlas 300 32768Mb AI Accelerator Card,1636909856,165900,True,https://www.onlinetrade.ru/catalogue/videokarty-c338/huawei/videokarta_huawei_atlas_300_32768mb_ai_accelerator_card_02312jpm-2038075.html
OnlineTrade,NVIDIA Quadro P400 ,PNY Quadro P400 2048Mb VCQP400V2BLK-1,1636909856,11300,True,https://www.onlinetrade.ru/catalogue/videokarty-c338/pny/videokarta_pny_quadro_p400_2048mb_vcqp400v2blk_1-2095340.html
OnlineTrade,NVIDIA GeForce GTX 1660 ,GIGABYTE GeForce GTX 1660 6144Mb D5,1636909856,59990,True,https://www.onlinetrade.ru/catalogue/videokarty-c338/gigabyte/videokarta_gigabyte_geforce_gtx_1660_6144mb_d5_gv_n1660d5_6gd-2054350.html
OnlineTrade,NVIDIA Quadro RTX8000 ,NVIDIA Quadro RTX 8000 49152Mb Passive,1636909856,538700,True,https://www.onlinetrade.ru/catalogue/videokarty-c338/nvidia/videokarta_nvidia_quadro_rtx_8000_49152mb_passive_900_2g150_0050_000-2047227.html
OnlineTrade,AMD Radeon RX 560 ,SINOTEX Radeon RX 560 4096Mb Ninja,1636909856,19300,True,https://www.onlinetrade.ru/catalogue/videokarty-c338/sinotex/videokarta_sinotex_radeon_rx_560_4096mb_ninja_ahrx56045f-2020880.html
OnlineTrade,M9128 ,Matrox M9128 LP 1024Mb,1636909857,25300,True,https://www.onlinetrade.ru/catalogue/videokarty-c338/matrox/videokarta_matrox_m9128_lp_1024mb_m9128_e1024laf-1923696.html
OnlineTrade,NVIDIA GeForce RTX 2060 ,INNO3D GeForce RTX 2060 6144Mb TWIN X2,1636909857,59990,False,https://www.onlinetrade.ru/catalogue/videokarty-c338/inno3d/videokarta_inno3d_geforce_rtx_2060_6144mb_twin_x2_n20602_06d6_1710va15l-1902060.html
OnlineTrade,C420 ,Matrox C420 LP 2048Mb,1636909857,59500,True,https://www.onlinetrade.ru/catalogue/videokarty-c338/matrox/videokarta_matrox_c420_lp_2048mb_c420_e4gblaf-1923700.html
OnlineTrade,NVIDIA GeForce GTX 1650 Super ,ASUS GeForce GTX 1650 SUPER 4096Mb TUF Gaming,1636909857,47990,True,https://www.onlinetrade.ru/catalogue/videokarty-c338/asus/videokarta_asus_geforce_gtx_1650_super_4096mb_tuf_gaming_tuf_gtx1650s_4g_gaming-1990341.html
OnlineTrade,NVIDIA GeForce GTX 1650 ,MSI GeForce GTX 1650 PCI-E 3.0 4096Mb 128 bit DVI HDMI Display Port HDCP VENTUS XS OC,1636909857,40990,True,https://www.onlinetrade.ru/catalogue/videokarty-c338/msi/videokarta_msi_geforce_gtx_1650_pci_e_3.0_4096mb_128_bit_dvi_hdmi_display_port_hdcp_ventus_xs_oc_gtx_1650_ventus_xs_4g_oc-1791439.html
OnlineTrade,NVIDIA Quadro P6000 ,DELL Quadro RTX 6000 24576Mb 384 bit,1636909857,377500,True,https://www.onlinetrade.ru/catalogue/videokarty-c338/dell/videokarta_dell_quadro_rtx_6000_24576mb_384_bit_4_dp_virtual_link_490_bfcz-1791567.html
OnlineTrade,AMD Radeon RX 6900 XT ,GIGABYTE Radeon RX 6900 XT 16384Mb XTREME WATERFORCE WB,1636909857,175900,True,https://www.onlinetrade.ru/catalogue/videokarty-c338/gigabyte/videokarta_gigabyte_radeon_rx_6900_xt_16384mb_xtreme_waterforce_wb_gv_r69xtaorusx_wb_16gd-2664379.html
OnlineTrade,AMD Radeon R5 230 ,SINOTEX Radeon R5 230 1024Mb,1636909857,3390,True,https://www.onlinetrade.ru/catalogue/videokarty-c338/sinotex/videokarta_sinotex_radeon_r5_230_1024mb_ahr523013f-2746456.html
OnlineTrade,NVIDIA GeForce RTX 3080 ,ASUS GeForce RTX 3080 LHR 10240Mb ROG STRIX GAMING OC WHITE V2,1636909857,201800,True,https://www.onlinetrade.ru/catalogue/videokarty-c338/asus/videokarta_asus_geforce_rtx_3080_lhr_10240mb_rog_strix_gaming_oc_white_v2_rog_strix_rtx3080_o10g_white_v2-2746433.html
OnlineTrade,NVIDIA Quadro T1000 ,PNY Quadro T1000 4096Mb,1636909857,39200,True,https://www.onlinetrade.ru/catalogue/videokarty-c338/pny/videokarta_pny_quadro_t1000_4096mb_vcnt1000blk_1_oem-2664408.html
OnlineTrade,NVIDIA Quadro RTX6000 ,PNY GeForce RTX A6000 49152Mb,1636909857,495290,True,https://www.onlinetrade.ru/catalogue/videokarty-c338/pny/videokarta_pny_geforce_rtx_a6000_49152mb_vcnrtxa6000_sb-2386410.html
OnlineTrade,NVIDIA Quadro RTX8000 ,PNY Quadro RTX 8000 49152Mb,1636909857,575600,True,https://www.onlinetrade.ru/catalogue/videokarty-c338/pny/videokarta_pny_quadro_rtx_8000_49152mb_xvcqrtx8000_bsp-2289505.html
OnlineTrade,NVIDIA Quadro T1000 ,PNY Quadro T1000 4096Mb,1636909857,37600,True,https://www.onlinetrade.ru/catalogue/videokarty-c338/pny/videokarta_pny_quadro_t1000_4096mb_vcnt1000_blk_oem-2664407.html
OnlineTrade,NVIDIA GeForce RTX 3080 ,MSI GeForce RTX 3080 LHR 10240Mb VENTUS 3X PLUS OC,1636909858,182800,True,https://www.onlinetrade.ru/catalogue/videokarty-c338/msi/videokarta_msi_geforce_rtx_3080_lhr_10240mb_ventus_3x_plus_oc_rtx_3080_ventus_3x_plus_10g_oc_rtx_3080_ventus_3x_plus_10g_oc_lhr-2655415.html
OnlineTrade,NVIDIA GeForce RTX 3080 ,GIGABYTE GeForce RTX 3080 10240Mb AORUS MASTER 2.0,1636909858,269990,True,https://www.onlinetrade.ru/catalogue/videokarty-c338/gigabyte/videokarta_gigabyte_geforce_rtx_3080_10240mb_aorus_master_2.0_gv_n3080aorus_m_10gd_2.0-2633386.html
OnlineTrade,NVIDIA GeForce RTX 2060 Super ,Palit GeForce RTX 2060 SUPER 8192Mb DUAL,1636909858,109990,True,https://www.onlinetrade.ru/catalogue/videokarty-c338/palit/videokarta_palit_geforce_rtx_2060_super_8192mb_dual_ne6206s018p2_1160a_w_o_led_ne6206s018p2_1160a_1-2551460.html
OnlineTrade,AMD Radeon RX 6900 XT ,GIGABYTE Radeon RX 6900 XT 16384Mb GAMING OC,1636909858,207200,True,https://www.onlinetrade.ru/catalogue/videokarty-c338/gigabyte/videokarta_gigabyte_radeon_rx_6900_xt_16384mb_gaming_oc_gv_r69xtgaming_oc_16gd-2477251.html
OnlineTrade,NVIDIA Tesla T4 ,NVIDIA TESLA T4 16384Mb LP,1636909858,209340,True,https://www.onlinetrade.ru/catalogue/videokarty-c338/nvidia/videokarta_nvidia_tesla_t4_16384mb_lp_900_2g183_0000_001_oem-2462201.html
OnlineTrade,NVIDIA GeForce RTX 3070 ,Asus GeForce RTX 3070 8192Mb TUF GAMING OC,1636909858,189990,True,https://www.onlinetrade.ru/catalogue/videokarty-c338/asus/videokarta_asus_geforce_rtx_3070_8192mb_tuf_gaming_oc_tuf_rtx3070_o8g_gaming-2369567.html
OnlineTrade,NVIDIA Tesla A100 ,PNY NVIDIA Tesla A100 40960Mb,1636909858,896200,True,https://www.onlinetrade.ru/catalogue/videokarty-c338/pny/videokarta_pny_nvidia_tesla_a100_40960mb_tcsa100m_pb-2490143.html
OnlineTrade,NVIDIA RTX A6000 ,PNY Quadro RTX A6000 49152Mb,1636909858,527700,True,https://www.onlinetrade.ru/catalogue/videokarty-c338/pny/videokarta_pny_quadro_rtx_a6000_49152mb_vcnrtxa6000_pb-2386408.html
OnlineTrade,NVIDIA Quadro RTX6000 ,PNY Quadro RTX 6000 24576Mb,1636909858,362580,True,https://www.onlinetrade.ru/catalogue/videokarty-c338/pny/videokarta_pny_quadro_rtx_6000_24576mb_vcqrtx6000_sb-2748200.html
OnlineTrade,AMD Radeon RX 550 ,SINOTEX Radeon RX 550 2048Mb Ninja,1636909858,16600,True,https://www.onlinetrade.ru/catalogue/videokarty-c338/sinotex/videokarta_sinotex_radeon_rx_550_2048mb_ninja_ajrx55045f-2816280.html
OnlineTrade,AMD Radeon RX 580 ,PowerColor Radeon RX 580 1350Mhz PCI-E 3.0 4096Mb 7000Mhz 256 bit DVI HDMI HDCP Red Dragon,1636909858,45000,False,https://www.onlinetrade.ru/catalogue/videokarty-c338/powercolor/videokarta_powercolor_radeon_rx_580_1350mhz_pci_e_3.0_4096mb_7000mhz_256_bit_dvi_hdmi_hdcp_red_dragon_utsenka_u11_axrx_580_4gbd5_3dhdv2_oc_11-2865579.html
OnlineTrade,AMD Radeon R7 350 ,SINOTEX Radeon R7 350 2048Mb,1636909858,5990,False,https://www.onlinetrade.ru/catalogue/videokarty-c338/sinotex/videokarta_sinotex_radeon_r7_350_2048mb_ahr735025f_utsenka_u1_ahr735025f_1-2870411.html
OnlineTrade,NVIDIA GeForce GTX 1070 ,Palit GeForce GTX 1070 1632Mhz PCI-E 3.0 8192Mb 8000Mhz 256 bit DVI HDMI HDCP Super JetStream,1636909858,59890,False,https://www.onlinetrade.ru/catalogue/videokarty-c338/palit/videokarta_palit_geforce_gtx_1070_1632mhz_pci_e_3.0_8192mb_8000mhz_256_bit_dvi_hdmi_hdcp_super_jetstream_utsenka_u8_ne51070s15p2_1041j_8-2858983.html
OnlineTrade,NVIDIA Quadro T1000 ,DELL Nvidia Quadro T1000 4096,1636909858,28700,True,https://www.onlinetrade.ru/catalogue/videokarty-c338/dell/videokarta_dell_nvidia_quadro_t1000_4096_490_bgxu-2858021.html
OnlineTrade,NVIDIA GeForce RTX 3070 ,ASUS GeForce RTX 3070 LHR 8192Mb OC WHITE V2,1636909858,144100,True,https://www.onlinetrade.ru/catalogue/videokarty-c338/asus/videokarta_asus_geforce_rtx_3070_lhr_8192mb_oc_white_v2_strix_rtx3070_o8g_white_v2-2746451.html
OnlineTrade,NVIDIA Quadro T1000 ,PNY NVIDIA T1000 4096Mb,1636909858,34420,True,https://www.onlinetrade.ru/catalogue/videokarty-c338/pny/videokarta_pny_nvidia_t1000_4096mb_vcnt1000_sb_vcnt1000_pb-2843874.html
OnlineTrade,NVIDIA GeForce RTX 3070 ,ASUS GeForce RTX 3070 LHR 8192Mb DUAL V2,1636909859,108990,True,https://www.onlinetrade.ru/catalogue/videokarty-c338/asus/videokarta_asus_geforce_rtx_3070_lhr_8192mb_dual_v2_dual_rtx3070_8g_v2-2839754.html
OnlineTrade,NVIDIA GeForce RTX 3070 ,ASUS GeForce RTX 3070 LHR 8192Mb TURBO V2,1636909859,136700,True,https://www.onlinetrade.ru/catalogue/videokarty-c338/asus/videokarta_asus_geforce_rtx_3070_lhr_8192mb_turbo_v2_turbo_rtx3070_8g_v2-2746450.html
OnlineTrade,NVIDIA GeForce GT 730 ,ASUS GeForce GT 730 2048Mb Silent,1636909859,7900,True,https://www.onlinetrade.ru/catalogue/videokarty-c338/asus/videokarta_asus_geforce_gt_730_2048mb_silent_gt730_4h_sl_2gd5-2816272.html
OnlineTrade,NVIDIA GeForce RTX 3080 ,GIGABYTE GeForce RTX 3080 LHR 10240Mb GAMING OC WATERFORCE WB 10G 2.0,1636909859,212300,True,https://www.onlinetrade.ru/catalogue/videokarty-c338/gigabyte/videokarta_gigabyte_geforce_rtx_3080_lhr_10240mb_gaming_oc_waterforce_wb_10g_2.0_gv_n3080gamingoc_wb_10gd_2.0-2746445.html
OnlineTrade,NVIDIA T400 ,PNY NVIDIA T400 2048Mb,1636909859,12000,True,https://www.onlinetrade.ru/catalogue/videokarty-c338/pny/videokarta_pny_nvidia_t400_2048mb_vcnt400blk_1-2816290.html
OnlineTrade,NVIDIA GeForce GTX 1650 ,GIGABYTE GeForce GTX 1650 4096Mb D6 OC 3.0,1636909859,39990,True,https://www.onlinetrade.ru/catalogue/videokarty-c338/gigabyte/videokarta_gigabyte_geforce_gtx_1650_4096mb_d6_oc_3.0_gv_n1656oc_4gd_3.0-2781753.html
OnlineTrade,NVIDIA GeForce RTX 3080 ,COLORFUL GeForce RTX 3080 LHR 10240Mb Advanced OC,1636909859,164990,True,https://www.onlinetrade.ru/catalogue/videokarty-c338/colorful/videokarta_colorful_geforce_rtx_3080_lhr_10240mb_advanced_oc_rtx_3080_advanced_oc_10g_lhr_v-2804164.html
OnlineTrade,AMD Radeon Pro W6800 ,AMD Radeon Pro W6800 32768Mb,1636909859,249600,True,https://www.onlinetrade.ru/catalogue/videokarty-c338/amd/videokarta_amd_radeon_pro_w6800_32768mb_100_506157-2830670.html
OnlineTrade,NVIDIA GeForce GT 1030 ,ASUS GeForce GT 1030 2048Mb LP Silent,1636909859,9200,True,https://www.onlinetrade.ru/catalogue/videokarty-c338/asus/videokarta_asus_geforce_gt_1030_2048mb_lp_silent_gt1030_sl_2gd4_brk-2852967.html
OnlineTrade,AMD Radeon RX 6600 ,ASROCK Radeon RX 6600 8192Mb Challenger ITX,1636909859,69990,True,https://www.onlinetrade.ru/catalogue/videokarty-c338/asrock/videokarta_asrock_radeon_rx_6600_8192mb_challenger_itx_rx6600_cli_8g-2883416.html
OnlineTrade,AMD Radeon Pro W6800 ,DELL Radeon Pro WX 6800 32768Mb,1636909859,226800,True,https://www.onlinetrade.ru/catalogue/videokarty-c338/dell/videokarta_dell_radeon_pro_wx_6800_32768mb_490_bhcl_oem-2881696.html
OnlineTrade,AMD Radeon RX 6900 XT ,ASUS Radeon RX 6900 XT 16384Mb TUF GAMING TOP OC,1636909859,185500,True,https://www.onlinetrade.ru/catalogue/videokarty-c338/asus/videokarta_asus_radeon_rx_6900_xt_16384mb_tuf_gaming_top_oc_tuf_rx6900xt_t16g_gaming-2839223.html
OnlineTrade,NVIDIA T400 ,HP NVIDIA T400 2048Mb,1636909859,9600,True,https://www.onlinetrade.ru/catalogue/videokarty-c338/hp/videokarta_hp_nvidia_t400_2048mb_340k8aa-2884224.html
OnlineTrade,NVIDIA Quadro RTX6000 ,PNY Quadro RTX 6000 24576Mb,1636909859,397400,True,https://www.onlinetrade.ru/catalogue/videokarty-c338/pny/videokarta_pny_quadro_rtx_6000_24576mb_vcqrtx6000_blk-2858024.html
OnlineTrade,NVIDIA GeForce RTX 3070 Ti ,PALIT Nvidia CMP 70HX 8192Mb,1636909860,164990,False,https://www.onlinetrade.ru/catalogue/videokarty-c338/palit/videokarta_dlya_mayninga_palit_nvidia_cmp_70hx_8192mb_ned70hx017p2_1046a-2839226.html
OnlineTrade,AMD Radeon RX 580 ,GIGABYTE Radeon RX 580 1355Mhz PCI-E 3.0 8192Mb 8000Mhz 256 bit HDMI DVI-D Display Port Gaming MI oem,1636909860,54990,True,https://www.onlinetrade.ru/catalogue/videokarty-c338/gigabyte/videokarta_dlya_mayninga_gigabyte_radeon_rx_580_1355mhz_pci_e_3.0_8192mb_8000mhz_256_bit_hdmi_dvi_d_display_port_gaming_mi_oem_utsenka_u17_gv_rx580gaming_8gd_mi_17-2858982.html
OnlineTrade,NVIDIA GeForce GTX 1060 ,Palit GeForce GTX 1060 1506Mhz PCI-E 3.0 3072Mb 8000Mhz 192 bit DVI HDMI HDCP JetStream,1636909860,43290,False,https://www.onlinetrade.ru/catalogue/videokarty-c338/palit/videokarta_palit_geforce_gtx_1060_1506mhz_pci_e_3.0_3072mb_8000mhz_192_bit_dvi_hdmi_hdcp_jetstream_utsenka_u6_ne51060015f9_1060j_6-2877602.html
OnlineTrade,NVIDIA Quadro T1000 ,HP NVIDIA T1000 4096Mb,1636909860,30500,True,https://www.onlinetrade.ru/catalogue/videokarty-c338/hp/videokarta_hp_nvidia_t1000_4096mb_20x22aa-2884164.html
OnlineTrade,NVIDIA GeForce GTX 1660 Super ,PALIT Nvidia CMP 30HX 6144Mb OEM,1636909860,59990,True,https://www.onlinetrade.ru/catalogue/videokarty-c338/palit/videokarta_dlya_mayninga_palit_nvidia_cmp_30hx_6144mb_oem_ne630hx017j9_1160x-2875744.html
OnlineTrade,NVIDIA GeForce GTX 1070 ,MSI GeForce GTX 1070 1531Mhz PCI-E 3.0 8192Mb 8008Mhz 256 bit DVI 2xHDMI HDCP AERO ITX OC,1636909860,53890,True,https://www.onlinetrade.ru/catalogue/videokarty-c338/msi/videokarta_msi_geforce_gtx_1070_1531mhz_pci_e_3.0_8192mb_8008mhz_256_bit_dvi_2xhdmi_hdcp_aero_itx_oc_utsenka_u3_gtx_1070_aero_itx_8g_oc_3-2878197.html
OnlineTrade,NVIDIA GeForce GTX 1060 ,Palit GeForce GTX 1060 1506Mhz PCI-E 3.0 3072Mb 8000Mhz 192 bit DVI HDMI HDCP JetStream,1636909860,43290,True,https://www.onlinetrade.ru/catalogue/videokarty-c338/palit/videokarta_palit_geforce_gtx_1060_1506mhz_pci_e_3.0_3072mb_8000mhz_192_bit_dvi_hdmi_hdcp_jetstream_utsenka_u5_ne51060015f9_1060j_5-2858981.html
OnlineTrade,AMD Radeon RX 570 ,GIGABYTE Radeon RX 570 4096Mb,1636909860,39890,True,https://www.onlinetrade.ru/catalogue/videokarty-c338/gigabyte/videokarta_gigabyte_radeon_rx_570_4096mb_gv_rx570gaming_4gd_utsenka_u84_gv_rx570gaming_4gd_84-2858985.html
OnlineTrade,AMD Radeon Pro WX 2100 ,DELL Radeon Pro WX 2100 2048Mb,1636909860,10100,True,https://www.onlinetrade.ru/catalogue/videokarty-c338/dell/videokarta_dell_radeon_pro_wx_2100_2048mb_490_bdzu-2787297.html
OnlineTrade,AMD Radeon RX 5500 XT ,AFOX Radeon RX 5500 XT 8192Mb ATX Dual Fan,1636909860,52990,True,https://www.onlinetrade.ru/catalogue/videokarty-c338/afox/videokarta_afox_radeon_rx_5500_xt_8192mb_atx_dual_fan_afrx5500xt_8gd6h4-2852974.html
OnlineTrade,NVIDIA T400 ,DELL Nvidia Quadro T400 2048Mb,1636909860,9200,True,https://www.onlinetrade.ru/catalogue/videokarty-c338/dell/videokarta_dell_nvidia_quadro_t400_2048mb_490_bgzt-2858022.html
OnlineTrade,NVIDIA GeForce RTX 3080 ,PNY GeForce RTX 3080 LHR 10240Mb XLR8 GAMING REVEL EPIC-X,1636909860,195500,True,https://www.onlinetrade.ru/catalogue/videokarty-c338/pny/videokarta_pny_geforce_rtx_3080_lhr_10240mb_xlr8_gaming_revel_epic_x_vcg308010ltfxp_blk_oem-2799108.html
OnlineTrade,NVIDIA GeForce RTX 3070 ,INNO3D GeForce RTX 3070 LHR 8192Mb ICHILL X3,1636909860,125600,False,https://www.onlinetrade.ru/catalogue/videokarty-c338/inno3d/videokarta_inno3d_geforce_rtx_3070_lhr_8192mb_ichill_x3_c30703_08d6x_1710va38h-2852968.html
OnlineTrade,NVIDIA Quadro P5000 ,PNY Quadro RTX 5000 16384Mb,1636909860,224800,True,https://www.onlinetrade.ru/catalogue/videokarty-c338/pny/videokarta_pny_quadro_rtx_5000_16384mb_vcqrtx5000_sb-2858023.html
OnlineTrade,NVIDIA GeForce RTX 3080 ,ASUS GeForce RTX 3080 LHR 10240Mb TURBO V2,1636909860,197700,True,https://www.onlinetrade.ru/catalogue/videokarty-c338/asus/videokarta_asus_geforce_rtx_3080_lhr_10240mb_turbo_v2_turbo_rtx3080_10g_v2_oem-2839762.html
